<?xml version="1.0" ?>
<TrustLog>	
	<DCMContact temp="0.0" timestamp="2021-02-23 10:19:28.152390">THIS IS A PRE-FORMATTED ENTRY, PLEASE DO NOT EDIT IT</DCMContact>	
	<DCMContact DCM_timestamp="ERROR" complete="false" DCM_random_number="3.1415926535" log_update_timestamp="2021-04-22 18:09:36.687647"/>	
	<DCMContact DCM_timestamp="ERROR" complete="false" DCM_random_number="3.1415926535" log_update_timestamp="2021-04-24 16:49:36.147685"/>	
	<DCMContact DCM_timestamp="ERROR" complete="false" DCM_random_number="3.1415926535" log_update_timestamp="2021-04-24 16:49:41.919383"/>	
	<DCMContact DCM_timestamp="2021-04-24 17:31:24.403141" complete="true" DCM_random_number="9.11" log_update_timestamp="2021-04-24 17:31:38.527299"/>	
	<DCMContact DCM_timestamp="2021-04-24 17:31:24.403141" complete="true" DCM_random_number="9.11" log_update_timestamp="2021-04-24 17:32:15.225417"/>	
	<DCMContact DCM_timestamp="2021-04-24 17:31:24.403141" complete="true" DCM_random_number="9.11" log_update_timestamp="2021-04-24 17:32:15.238421"/>	
	<DCMContact DCM_timestamp="2021-04-24 17:31:24.403141" complete="true" DCM_random_number="9.11" log_update_timestamp="2021-04-24 17:32:20.869674"/>	
	<DCMContact DCM_timestamp="2021-04-24 17:31:24.403141" complete="true" DCM_random_number="9.11" log_update_timestamp="2021-04-24 17:32:34.962517"/>	
	<DCMContact DCM_timestamp="2021-04-24 17:32:37.619906" complete="true" DCM_random_number="9.76" log_update_timestamp="2021-04-24 17:32:40.188080"/>	
	<DCMContact DCM_timestamp="2021-04-24 17:32:37.619906" complete="true" DCM_random_number="9.76" log_update_timestamp="2021-04-24 17:32:45.250283"/>	
	<DCMContact DCM_timestamp="2021-04-24 17:32:37.619906" complete="true" DCM_random_number="9.76" log_update_timestamp="2021-04-24 17:32:50.355848"/>	
	<DCMContact DCM_timestamp="2021-04-24 17:32:37.619906" complete="true" DCM_random_number="9.76" log_update_timestamp="2021-04-24 17:32:55.452908"/>	
	<DCMContact DCM_timestamp="2021-04-26 12:58:07.183160" complete="true" DCM_random_number="1.86" log_update_timestamp="2021-04-26 12:58:21.342498"/>	
	<DCMContact DCM_timestamp="2021-04-26 12:58:07.183160" complete="true" DCM_random_number="1.86" log_update_timestamp="2021-04-26 12:58:35.470801"/>	
	<DCMContact DCM_timestamp="2021-04-26 12:58:07.183160" complete="true" DCM_random_number="1.86" log_update_timestamp="2021-04-26 12:58:49.562404"/>	
	<DCMContact DCM_timestamp="2021-04-26 12:58:07.183160" complete="true" DCM_random_number="1.86" log_update_timestamp="2021-04-26 12:59:03.660744"/>	
	<DCMContact DCM_timestamp="2021-04-26 12:58:07.183160" complete="true" DCM_random_number="1.86" log_update_timestamp="2021-04-26 12:59:17.782184"/>	
	<DCMContact DCM_timestamp="2021-04-26 12:58:07.183160" complete="true" DCM_random_number="1.86" log_update_timestamp="2021-04-26 12:59:31.902888"/>	
	<DCMContact DCM_timestamp="2021-04-26 12:58:07.183160" complete="true" DCM_random_number="1.86" log_update_timestamp="2021-04-26 12:59:45.972677"/>	
	<DCMContact DCM_timestamp="2021-04-26 12:58:07.183160" complete="true" DCM_random_number="1.86" log_update_timestamp="2021-04-26 13:00:00.016299"/>	
	<DCMContact DCM_timestamp="2021-04-26 12:58:07.183160" complete="true" DCM_random_number="1.86" log_update_timestamp="2021-04-26 13:00:14.076947"/>	
	<DCMContact DCM_timestamp="2021-04-26 12:58:07.183160" complete="true" DCM_random_number="1.86" log_update_timestamp="2021-04-26 13:00:28.161841"/>	
	<DCMContact DCM_timestamp="2021-04-26 12:58:07.183160" complete="true" DCM_random_number="1.86" log_update_timestamp="2021-04-26 13:00:42.242387"/>	
	<DCMContact DCM_timestamp="2021-04-26 12:58:07.183160" complete="true" DCM_random_number="1.86" log_update_timestamp="2021-04-26 13:00:56.366735"/>	
	<DCMContact DCM_timestamp="2021-04-26 12:58:07.183160" complete="true" DCM_random_number="1.86" log_update_timestamp="2021-04-26 13:01:10.421000"/>	
	<DCMContact DCM_timestamp="2021-04-26 12:58:07.183160" complete="true" DCM_random_number="1.86" log_update_timestamp="2021-04-26 13:01:24.488795"/>	
	<DCMContact DCM_timestamp="2021-04-26 12:58:07.183160" complete="true" DCM_random_number="1.86" log_update_timestamp="2021-04-26 13:01:38.582540"/>	
	<DCMContact DCM_timestamp="2021-04-26 12:58:07.183160" complete="true" DCM_random_number="1.86" log_update_timestamp="2021-04-26 13:01:52.654531"/>	
	<DCMContact DCM_timestamp="2021-04-26 12:58:07.183160" complete="true" DCM_random_number="1.86" log_update_timestamp="2021-04-26 13:02:06.727912"/>	
	<DCMContact DCM_timestamp="2021-04-26 12:58:07.183160" complete="true" DCM_random_number="1.86" log_update_timestamp="2021-04-26 13:02:20.803972"/>	
	<DCMContact DCM_timestamp="2021-04-26 12:58:07.183160" complete="true" DCM_random_number="1.86" log_update_timestamp="2021-04-26 13:02:34.897422"/>	
	<DCMContact DCM_timestamp="2021-04-26 12:58:07.183160" complete="true" DCM_random_number="1.86" log_update_timestamp="2021-04-26 13:02:48.968225"/>	
	<DCMContact DCM_timestamp="2021-04-26 12:58:07.183160" complete="true" DCM_random_number="1.86" log_update_timestamp="2021-04-26 13:03:03.031046"/>	
	<DCMContact DCM_timestamp="2021-04-26 12:58:07.183160" complete="true" DCM_random_number="1.86" log_update_timestamp="2021-04-26 13:03:17.087205"/>	
	<DCMContact DCM_timestamp="2021-04-26 12:58:07.183160" complete="true" DCM_random_number="1.86" log_update_timestamp="2021-04-26 13:03:31.203392"/>	
	<DCMContact DCM_timestamp="2021-04-26 12:58:07.183160" complete="true" DCM_random_number="1.86" log_update_timestamp="2021-04-26 13:03:45.297537"/>	
	<DCMContact DCM_timestamp="2021-04-26 12:58:07.183160" complete="true" DCM_random_number="1.86" log_update_timestamp="2021-04-26 13:03:59.372311"/>	
	<DCMContact DCM_timestamp="2021-04-26 12:58:07.183160" complete="true" DCM_random_number="1.86" log_update_timestamp="2021-04-26 13:04:13.446686"/>	
	<DCMContact DCM_timestamp="2021-04-26 12:58:07.183160" complete="true" DCM_random_number="1.86" log_update_timestamp="2021-04-26 13:04:27.535074"/>	
	<DCMContact DCM_timestamp="2021-04-26 12:58:07.183160" complete="true" DCM_random_number="1.86" log_update_timestamp="2021-04-26 13:04:41.624307"/>	
	<DCMContact DCM_timestamp="2021-04-26 12:58:07.183160" complete="true" DCM_random_number="1.86" log_update_timestamp="2021-04-26 13:04:55.690144"/>	
	<DCMContact DCM_timestamp="2021-04-26 12:58:07.183160" complete="true" DCM_random_number="1.86" log_update_timestamp="2021-04-26 13:05:09.745658"/>	
	<DCMContact DCM_timestamp="2021-04-26 12:58:07.183160" complete="true" DCM_random_number="1.86" log_update_timestamp="2021-04-26 13:05:23.791256"/>	
	<DCMContact DCM_timestamp="2021-04-26 12:58:07.183160" complete="true" DCM_random_number="1.86" log_update_timestamp="2021-04-26 13:05:37.869040"/>	
	<DCMContact DCM_timestamp="2021-04-26 12:58:07.183160" complete="true" DCM_random_number="1.86" log_update_timestamp="2021-04-26 13:05:51.939030"/>	
	<DCMContact DCM_timestamp="2021-04-26 12:58:07.183160" complete="true" DCM_random_number="1.86" log_update_timestamp="2021-04-26 13:06:06.032567"/>	
	<DCMContact DCM_timestamp="2021-04-26 12:58:07.183160" complete="true" DCM_random_number="1.86" log_update_timestamp="2021-04-26 13:06:20.096183"/>	
	<DCMContact DCM_timestamp="2021-04-26 12:58:07.183160" complete="true" DCM_random_number="1.86" log_update_timestamp="2021-04-26 13:06:34.159488"/>	
	<DCMContact DCM_timestamp="2021-04-26 12:58:07.183160" complete="true" DCM_random_number="1.86" log_update_timestamp="2021-04-26 13:06:48.221829"/>	
	<DCMContact DCM_timestamp="2021-04-26 12:58:07.183160" complete="true" DCM_random_number="1.86" log_update_timestamp="2021-04-26 13:07:02.298912"/>	
	<DCMContact DCM_timestamp="2021-04-26 12:58:07.183160" complete="true" DCM_random_number="1.86" log_update_timestamp="2021-04-26 13:07:16.356756"/>	
	<DCMContact DCM_timestamp="2021-04-26 12:58:07.183160" complete="true" DCM_random_number="1.86" log_update_timestamp="2021-04-26 13:07:30.436222"/>	
	<DCMContact DCM_timestamp="2021-04-26 12:58:07.183160" complete="true" DCM_random_number="1.86" log_update_timestamp="2021-04-26 13:07:44.503618"/>	
	<DCMContact DCM_timestamp="2021-04-26 12:58:07.183160" complete="true" DCM_random_number="1.86" log_update_timestamp="2021-04-26 13:07:58.583157"/>	
	<DCMContact DCM_timestamp="2021-04-26 12:58:07.183160" complete="true" DCM_random_number="1.86" log_update_timestamp="2021-04-26 13:08:12.668603"/>	
	<DCMContact DCM_timestamp="2021-04-26 12:58:07.183160" complete="true" DCM_random_number="1.86" log_update_timestamp="2021-04-26 13:08:26.737310"/>	
	<DCMContact DCM_timestamp="2021-04-26 12:58:07.183160" complete="true" DCM_random_number="1.86" log_update_timestamp="2021-04-26 13:08:40.813196"/>	
	<DCMContact DCM_timestamp="2021-04-26 12:58:07.183160" complete="true" DCM_random_number="1.86" log_update_timestamp="2021-04-26 13:08:54.864379"/>	
	<DCMContact DCM_timestamp="2021-04-26 12:58:07.183160" complete="true" DCM_random_number="1.86" log_update_timestamp="2021-04-26 13:09:08.930271"/>	
	<DCMContact DCM_timestamp="2021-04-26 12:58:07.183160" complete="true" DCM_random_number="1.86" log_update_timestamp="2021-04-26 13:09:23.010506"/>
</TrustLog>
