<?xml version="1.0" encoding="utf-8"?>
<BillingReadingList all="0" results="0" href="http://uri1" xmlns="urn:ieee:std:2030.5:ns">
  <BillingReading href="http://uri1">
    <consumptionBlock>0</consumptionBlock>
    <qualityFlags>0FB7</qualityFlags>
    <timePeriod>
      <duration>0</duration>
      <start>1</start>
    </timePeriod>
    <touTier>0</touTier>
    <value>-140737488355328</value>
    <Charge>
      <description>description1</description>
      <kind>0</kind>
      <value>1</value>
    </Charge>
    <Charge>
      <description>description2</description>
      <kind>255</kind>
      <value>-2147483647</value>
    </Charge>
    <Charge>
      <description>description3</description>
      <kind>1</kind>
      <value>2147483647</value>
    </Charge>
  </BillingReading>
  <BillingReading href="http://uri2">
    <consumptionBlock>255</consumptionBlock>
    <qualityFlags>8001</qualityFlags>
    <timePeriod>
      <duration>4294967295</duration>
      <start>-9223372036854775807</start>
    </timePeriod>
    <touTier>255</touTier>
    <value>140737488355328</value>
    <Charge>
      <description>description4</description>
      <kind>254</kind>
      <value>0</value>
    </Charge>
    <Charge>
      <description>description5</description>
      <kind>2</kind>
      <value>2</value>
    </Charge>
    <Charge>
      <description>description6</description>
      <kind>253</kind>
      <value>-2147483646</value>
    </Charge>
  </BillingReading>
  <BillingReading href="http://uri3">
    <consumptionBlock>1</consumptionBlock>
    <qualityFlags>7FFF</qualityFlags>
    <timePeriod>
      <duration>1</duration>
      <start>9223372036854775807</start>
    </timePeriod>
    <touTier>1</touTier>
    <value>-140737488355327</value>
    <Charge>
      <description>description7</description>
      <kind>3</kind>
      <value>2147483646</value>
    </Charge>
    <Charge>
      <description>description8</description>
      <kind>252</kind>
      <value>-1</value>
    </Charge>
    <Charge>
      <description>description9</description>
      <kind>4</kind>
      <value>3</value>
    </Charge>
  </BillingReading>
</BillingReadingList>