<?xml version="1.0" encoding="utf-8"?>
<DERCurveList all="0" results="0" href="http://uri1" xmlns="urn:ieee:std:2030.5:ns">
  <DERCurve href="http://uri1">
    <mRID>0FB7</mRID>
    <description>description1</description>
    <version>0</version>
    <autonomousVRefEnable>true</autonomousVRefEnable>
    <autonomousVRefTimeConstant>0</autonomousVRefTimeConstant>
    <creationTime>1</creationTime>
    <CurveData>
      <excitation>true</excitation>
      <xvalue>1</xvalue>
      <yvalue>1</yvalue>
    </CurveData>
    <CurveData>
      <excitation>false</excitation>
      <xvalue>-2147483647</xvalue>
      <yvalue>-2147483647</yvalue>
    </CurveData>
    <CurveData>
      <excitation>true</excitation>
      <xvalue>2147483647</xvalue>
      <yvalue>2147483647</yvalue>
    </CurveData>
    <curveType>0</curveType>
    <openLoopTms>0</openLoopTms>
    <rampDecTms>0</rampDecTms>
    <rampIncTms>0</rampIncTms>
    <rampPT1Tms>0</rampPT1Tms>
    <vRef>0</vRef>
    <xMultiplier>1</xMultiplier>
    <yMultiplier>1</yMultiplier>
    <yRefType>0</yRefType>
  </DERCurve>
  <DERCurve href="http://uri2">
    <mRID>80000001</mRID>
    <description>description2</description>
    <version>65535</version>
    <autonomousVRefEnable>false</autonomousVRefEnable>
    <autonomousVRefTimeConstant>4294967295</autonomousVRefTimeConstant>
    <creationTime>-9223372036854775807</creationTime>
    <CurveData>
      <excitation>false</excitation>
      <xvalue>0</xvalue>
      <yvalue>0</yvalue>
    </CurveData>
    <CurveData>
      <excitation>true</excitation>
      <xvalue>2</xvalue>
      <yvalue>2</yvalue>
    </CurveData>
    <CurveData>
      <excitation>false</excitation>
      <xvalue>-2147483646</xvalue>
      <yvalue>-2147483646</yvalue>
    </CurveData>
    <curveType>255</curveType>
    <openLoopTms>65535</openLoopTms>
    <rampDecTms>65535</rampDecTms>
    <rampIncTms>65535</rampIncTms>
    <rampPT1Tms>65535</rampPT1Tms>
    <vRef>65535</vRef>
    <xMultiplier>-128</xMultiplier>
    <yMultiplier>-128</yMultiplier>
    <yRefType>255</yRefType>
  </DERCurve>
  <DERCurve href="http://uri3">
    <mRID>7FFFFFFF</mRID>
    <description>description3</description>
    <version>1</version>
    <autonomousVRefEnable>true</autonomousVRefEnable>
    <autonomousVRefTimeConstant>1</autonomousVRefTimeConstant>
    <creationTime>9223372036854775807</creationTime>
    <CurveData>
      <excitation>true</excitation>
      <xvalue>2147483646</xvalue>
      <yvalue>2147483646</yvalue>
    </CurveData>
    <CurveData>
      <excitation>false</excitation>
      <xvalue>-1</xvalue>
      <yvalue>-1</yvalue>
    </CurveData>
    <CurveData>
      <excitation>true</excitation>
      <xvalue>3</xvalue>
      <yvalue>3</yvalue>
    </CurveData>
    <curveType>1</curveType>
    <openLoopTms>1</openLoopTms>
    <rampDecTms>1</rampDecTms>
    <rampIncTms>1</rampIncTms>
    <rampPT1Tms>1</rampPT1Tms>
    <vRef>1</vRef>
    <xMultiplier>127</xMultiplier>
    <yMultiplier>127</yMultiplier>
    <yRefType>1</yRefType>
  </DERCurve>
</DERCurveList>