<?xml version="1.0" encoding="utf-8"?>
<DERCapability href="http://uri1" xmlns="urn:ieee:std:2030.5:ns">
  <modesSupported>0FB7</modesSupported>
  <rtgAbnormalCategory>0</rtgAbnormalCategory>
  <rtgMaxA>
    <multiplier>1</multiplier>
    <value>0</value>
  </rtgMaxA>
  <rtgMaxAh>
    <multiplier>1</multiplier>
    <value>0</value>
  </rtgMaxAh>
  <rtgMaxChargeRateVA>
    <multiplier>1</multiplier>
    <value>0</value>
  </rtgMaxChargeRateVA>
  <rtgMaxChargeRateW>
    <multiplier>1</multiplier>
    <value>1</value>
  </rtgMaxChargeRateW>
  <rtgMaxDischargeRateVA>
    <multiplier>-128</multiplier>
    <value>0</value>
  </rtgMaxDischargeRateVA>
  <rtgMaxDischargeRateW>
    <multiplier>-128</multiplier>
    <value>1</value>
  </rtgMaxDischargeRateW>
  <rtgMaxV>
    <multiplier>1</multiplier>
    <value>0</value>
  </rtgMaxV>
  <rtgMaxVA>
    <multiplier>127</multiplier>
    <value>0</value>
  </rtgMaxVA>
  <rtgMaxVar>
    <multiplier>1</multiplier>
    <value>1</value>
  </rtgMaxVar>
  <rtgMaxVarNeg>
    <multiplier>-128</multiplier>
    <value>1</value>
  </rtgMaxVarNeg>
  <rtgMaxW>
    <multiplier>127</multiplier>
    <value>1</value>
  </rtgMaxW>
  <rtgMaxWh>
    <multiplier>1</multiplier>
    <value>0</value>
  </rtgMaxWh>
  <rtgMinPFOverExcited>
    <displacement>0</displacement>
    <multiplier>1</multiplier>
  </rtgMinPFOverExcited>
  <rtgMinPFUnderExcited>
    <displacement>0</displacement>
    <multiplier>-128</multiplier>
  </rtgMinPFUnderExcited>
  <rtgMinV>
    <multiplier>-128</multiplier>
    <value>0</value>
  </rtgMinV>
  <rtgNormalCategory>0</rtgNormalCategory>
  <rtgOverExcitedPF>
    <displacement>0</displacement>
    <multiplier>127</multiplier>
  </rtgOverExcitedPF>
  <rtgOverExcitedW>
    <multiplier>0</multiplier>
    <value>1</value>
  </rtgOverExcitedW>
  <rtgReactiveSusceptance>
    <multiplier>1</multiplier>
    <value>0</value>
  </rtgReactiveSusceptance>
  <rtgUnderExcitedPF>
    <displacement>0</displacement>
    <multiplier>0</multiplier>
  </rtgUnderExcitedPF>
  <rtgUnderExcitedW>
    <multiplier>2</multiplier>
    <value>1</value>
  </rtgUnderExcitedW>
  <rtgVNom>
    <multiplier>127</multiplier>
    <value>0</value>
  </rtgVNom>
  <type>0</type>
</DERCapability>