<?xml version="1.0" encoding="utf-8"?>
<DERSettings subscribable="0" href="http://uri1" xmlns="urn:ieee:std:2030.5:ns">
  <modesEnabled>0FB7</modesEnabled>
  <setESDelay>0</setESDelay>
  <setESHighFreq>0</setESHighFreq>
  <setESHighVolt>1</setESHighVolt>
  <setESLowFreq>0</setESLowFreq>
  <setESLowVolt>1</setESLowVolt>
  <setESRampTms>0</setESRampTms>
  <setESRandomDelay>0</setESRandomDelay>
  <setGradW>0</setGradW>
  <setMaxA>
    <multiplier>1</multiplier>
    <value>0</value>
  </setMaxA>
  <setMaxAh>
    <multiplier>1</multiplier>
    <value>0</value>
  </setMaxAh>
  <setMaxChargeRateVA>
    <multiplier>1</multiplier>
    <value>0</value>
  </setMaxChargeRateVA>
  <setMaxChargeRateW>
    <multiplier>1</multiplier>
    <value>1</value>
  </setMaxChargeRateW>
  <setMaxDischargeRateVA>
    <multiplier>-128</multiplier>
    <value>0</value>
  </setMaxDischargeRateVA>
  <setMaxDischargeRateW>
    <multiplier>-128</multiplier>
    <value>1</value>
  </setMaxDischargeRateW>
  <setMaxV>
    <multiplier>1</multiplier>
    <value>0</value>
  </setMaxV>
  <setMaxVA>
    <multiplier>127</multiplier>
    <value>0</value>
  </setMaxVA>
  <setMaxVar>
    <multiplier>1</multiplier>
    <value>1</value>
  </setMaxVar>
  <setMaxVarNeg>
    <multiplier>-128</multiplier>
    <value>1</value>
  </setMaxVarNeg>
  <setMaxW>
    <multiplier>127</multiplier>
    <value>1</value>
  </setMaxW>
  <setMaxWh>
    <multiplier>1</multiplier>
    <value>0</value>
  </setMaxWh>
  <setMinPFOverExcited>
    <displacement>0</displacement>
    <multiplier>1</multiplier>
  </setMinPFOverExcited>
  <setMinPFUnderExcited>
    <displacement>0</displacement>
    <multiplier>-128</multiplier>
  </setMinPFUnderExcited>
  <setMinV>
    <multiplier>-128</multiplier>
    <value>0</value>
  </setMinV>
  <setSoftGradW>0</setSoftGradW>
  <setVNom>
    <multiplier>127</multiplier>
    <value>0</value>
  </setVNom>
  <setVRef>
    <multiplier>0</multiplier>
    <value>0</value>
  </setVRef>
  <setVRefOfs>
    <multiplier>2</multiplier>
    <value>0</value>
  </setVRefOfs>
  <updatedTime>1</updatedTime>
</DERSettings>