<?xml version="1.0" encoding="utf-8"?>
<EndDeviceControlList all="0" results="0" subscribable="0" href="http://uri1" xmlns="urn:ieee:std:2030.5:ns">
  <EndDeviceControl subscribable="0" replyTo="http://uri1" responseRequired="00" href="http://uri1">
    <mRID>0FB7</mRID>
    <description>description1</description>
    <version>0</version>
    <creationTime>1</creationTime>
    <EventStatus>
      <currentStatus>0</currentStatus>
      <dateTime>1</dateTime>
      <potentiallySuperseded>true</potentiallySuperseded>
      <potentiallySupersededTime>1</potentiallySupersededTime>
      <reason>reason1</reason>
    </EventStatus>
    <interval>
      <duration>0</duration>
      <start>1</start>
    </interval>
    <randomizeDuration>1</randomizeDuration>
    <randomizeStart>1</randomizeStart>
    <ApplianceLoadReduction>
      <type>0</type>
    </ApplianceLoadReduction>
    <deviceCategory>0FB7</deviceCategory>
    <drProgramMandatory>true</drProgramMandatory>
    <DutyCycle>
      <normalValue>0</normalValue>
    </DutyCycle>
    <loadShiftForward>true</loadShiftForward>
    <Offset>
      <coolingOffset>0</coolingOffset>
      <heatingOffset>0</heatingOffset>
      <loadAdjustmentPercentageOffset>0</loadAdjustmentPercentageOffset>
    </Offset>
    <overrideDuration>0</overrideDuration>
    <SetPoint>
      <coolingSetpoint>1</coolingSetpoint>
      <heatingSetpoint>1</heatingSetpoint>
    </SetPoint>
    <TargetReduction>
      <type>0</type>
      <value>0</value>
    </TargetReduction>
  </EndDeviceControl>
  <EndDeviceControl subscribable="0" replyTo="http://uri2" responseRequired="07" href="http://uri2">
    <mRID>80000001</mRID>
    <description>description2</description>
    <version>65535</version>
    <creationTime>-9223372036854775807</creationTime>
    <EventStatus>
      <currentStatus>255</currentStatus>
      <dateTime>-9223372036854775807</dateTime>
      <potentiallySuperseded>false</potentiallySuperseded>
      <potentiallySupersededTime>-9223372036854775807</potentiallySupersededTime>
      <reason>reason2</reason>
    </EventStatus>
    <interval>
      <duration>4294967295</duration>
      <start>-9223372036854775807</start>
    </interval>
    <randomizeDuration>-32768</randomizeDuration>
    <randomizeStart>-32768</randomizeStart>
    <ApplianceLoadReduction>
      <type>255</type>
    </ApplianceLoadReduction>
    <deviceCategory>80000001</deviceCategory>
    <drProgramMandatory>false</drProgramMandatory>
    <DutyCycle>
      <normalValue>255</normalValue>
    </DutyCycle>
    <loadShiftForward>false</loadShiftForward>
    <Offset>
      <coolingOffset>255</coolingOffset>
      <heatingOffset>255</heatingOffset>
      <loadAdjustmentPercentageOffset>65535</loadAdjustmentPercentageOffset>
    </Offset>
    <overrideDuration>65535</overrideDuration>
    <SetPoint>
      <coolingSetpoint>-32768</coolingSetpoint>
      <heatingSetpoint>-32768</heatingSetpoint>
    </SetPoint>
    <TargetReduction>
      <type>255</type>
      <value>65535</value>
    </TargetReduction>
  </EndDeviceControl>
  <EndDeviceControl subscribable="255" replyTo="http://uri3" responseRequired="81" href="http://uri3">
    <mRID>7FFFFFFF</mRID>
    <description>description3</description>
    <version>1</version>
    <creationTime>9223372036854775807</creationTime>
    <EventStatus>
      <currentStatus>1</currentStatus>
      <dateTime>9223372036854775807</dateTime>
      <potentiallySuperseded>true</potentiallySuperseded>
      <potentiallySupersededTime>9223372036854775807</potentiallySupersededTime>
      <reason>reason3</reason>
    </EventStatus>
    <interval>
      <duration>1</duration>
      <start>9223372036854775807</start>
    </interval>
    <randomizeDuration>32767</randomizeDuration>
    <randomizeStart>32767</randomizeStart>
    <ApplianceLoadReduction>
      <type>1</type>
    </ApplianceLoadReduction>
    <deviceCategory>7FFFFFFF</deviceCategory>
    <drProgramMandatory>true</drProgramMandatory>
    <DutyCycle>
      <normalValue>1</normalValue>
    </DutyCycle>
    <loadShiftForward>true</loadShiftForward>
    <Offset>
      <coolingOffset>1</coolingOffset>
      <heatingOffset>1</heatingOffset>
      <loadAdjustmentPercentageOffset>1</loadAdjustmentPercentageOffset>
    </Offset>
    <overrideDuration>1</overrideDuration>
    <SetPoint>
      <coolingSetpoint>32767</coolingSetpoint>
      <heatingSetpoint>32767</heatingSetpoint>
    </SetPoint>
    <TargetReduction>
      <type>1</type>
      <value>1</value>
    </TargetReduction>
  </EndDeviceControl>
</EndDeviceControlList>