<?xml version="1.0" encoding="utf-8"?>
<EndDevice subscribable="0" href="http://uri1" xmlns="urn:ieee:std:2030.5:ns">
  <ConfigurationLink href="http://uri1" />
  <DERListLink all="0" href="http://uri1" />
  <deviceCategory>0FB7</deviceCategory>
  <DeviceInformationLink href="http://uri1" />
  <DeviceStatusLink href="http://uri1" />
  <FileStatusLink href="http://uri1" />
  <IPInterfaceListLink all="0" href="http://uri1" />
  <lFDI>0FB7</lFDI>
  <LoadShedAvailabilityListLink all="0" href="http://uri1" />
  <LogEventListLink all="0" href="http://uri1" />
  <PowerStatusLink href="http://uri1" />
  <sFDI>0</sFDI>
  <changedTime>1</changedTime>
  <enabled>true</enabled>
  <FlowReservationRequestListLink all="0" href="http://uri1" />
  <FlowReservationResponseListLink all="0" href="http://uri1" />
  <FunctionSetAssignmentsListLink all="0" href="http://uri1" />
  <postRate>0</postRate>
  <RegistrationLink href="http://uri1" />
  <SubscriptionListLink all="0" href="http://uri1" />
</EndDevice>