<?xml version="1.0" encoding="utf-8"?>
<FunctionSetAssignmentsList pollRate="900" all="0" results="0" subscribable="0" href="http://uri1" xmlns="urn:ieee:std:2030.5:ns">
  <FunctionSetAssignments subscribable="0" href="http://uri1">
    <CustomerAccountListLink all="0" href="http://uri1" />
    <DemandResponseProgramListLink all="0" href="http://uri1" />
    <DERProgramListLink all="0" href="http://uri1" />
    <FileListLink all="0" href="http://uri1" />
    <MessagingProgramListLink all="0" href="http://uri1" />
    <PrepaymentListLink all="0" href="http://uri1" />
    <ResponseSetListLink all="0" href="http://uri1" />
    <TariffProfileListLink all="0" href="http://uri1" />
    <TimeLink href="http://uri1" />
    <UsagePointListLink all="0" href="http://uri1" />
    <mRID>0FB7</mRID>
    <description>description1</description>
    <version>0</version>
  </FunctionSetAssignments>
  <FunctionSetAssignments subscribable="0" href="http://uri2">
    <CustomerAccountListLink all="4294967295" href="http://uri2" />
    <DemandResponseProgramListLink all="4294967295" href="http://uri2" />
    <DERProgramListLink all="4294967295" href="http://uri2" />
    <FileListLink all="4294967295" href="http://uri2" />
    <MessagingProgramListLink all="4294967295" href="http://uri2" />
    <PrepaymentListLink all="4294967295" href="http://uri2" />
    <ResponseSetListLink all="4294967295" href="http://uri2" />
    <TariffProfileListLink all="4294967295" href="http://uri2" />
    <TimeLink href="http://uri2" />
    <UsagePointListLink all="4294967295" href="http://uri2" />
    <mRID>80000001</mRID>
    <description>description2</description>
    <version>65535</version>
  </FunctionSetAssignments>
  <FunctionSetAssignments subscribable="255" href="http://uri3">
    <CustomerAccountListLink all="1" href="http://uri3" />
    <DemandResponseProgramListLink all="1" href="http://uri3" />
    <DERProgramListLink all="1" href="http://uri3" />
    <FileListLink all="1" href="http://uri3" />
    <MessagingProgramListLink all="1" href="http://uri3" />
    <PrepaymentListLink all="1" href="http://uri3" />
    <ResponseSetListLink all="1" href="http://uri3" />
    <TariffProfileListLink all="1" href="http://uri3" />
    <TimeLink href="http://uri3" />
    <UsagePointListLink all="1" href="http://uri3" />
    <mRID>7FFFFFFF</mRID>
    <description>description3</description>
    <version>1</version>
  </FunctionSetAssignments>
</FunctionSetAssignmentsList>