<?xml version="1.0" encoding="utf-8"?>
<LLInterfaceList all="0" results="0" href="http://uri1" xmlns="urn:ieee:std:2030.5:ns">
  <LLInterface href="http://uri1">
    <CRCerrors>0</CRCerrors>
    <EUI64>0FB7</EUI64>
    <IEEE_802_15_4>
      <capabilityInfo>07</capabilityInfo>
      <NeighborListLink all="0" href="http://uri1" />
      <shortAddress>0</shortAddress>
    </IEEE_802_15_4>
    <linkLayerType>0</linkLayerType>
    <LLAckNotRx>0</LLAckNotRx>
    <LLCSMAFail>0</LLCSMAFail>
    <LLFramesDropRx>0</LLFramesDropRx>
    <LLFramesDropTx>0</LLFramesDropTx>
    <LLFramesRx>0</LLFramesRx>
    <LLFramesTx>0</LLFramesTx>
    <LLMediaAccessFail>0</LLMediaAccessFail>
    <LLOctetsRx>0</LLOctetsRx>
    <LLOctetsTx>0</LLOctetsTx>
    <LLRetryCount>0</LLRetryCount>
    <LLSecurityErrorRx>0</LLSecurityErrorRx>
    <loWPAN>
      <octetsRx>0</octetsRx>
      <octetsTx>0</octetsTx>
      <packetsRx>0</packetsRx>
      <packetsTx>0</packetsTx>
      <rxFragError>0</rxFragError>
    </loWPAN>
  </LLInterface>
  <LLInterface href="http://uri2">
    <CRCerrors>4294967295</CRCerrors>
    <EUI64>80000001</EUI64>
    <IEEE_802_15_4>
      <capabilityInfo>81</capabilityInfo>
      <NeighborListLink all="4294967295" href="http://uri2" />
      <shortAddress>65535</shortAddress>
    </IEEE_802_15_4>
    <linkLayerType>255</linkLayerType>
    <LLAckNotRx>4294967295</LLAckNotRx>
    <LLCSMAFail>4294967295</LLCSMAFail>
    <LLFramesDropRx>4294967295</LLFramesDropRx>
    <LLFramesDropTx>4294967295</LLFramesDropTx>
    <LLFramesRx>4294967295</LLFramesRx>
    <LLFramesTx>4294967295</LLFramesTx>
    <LLMediaAccessFail>4294967295</LLMediaAccessFail>
    <LLOctetsRx>4294967295</LLOctetsRx>
    <LLOctetsTx>4294967295</LLOctetsTx>
    <LLRetryCount>4294967295</LLRetryCount>
    <LLSecurityErrorRx>4294967295</LLSecurityErrorRx>
    <loWPAN>
      <octetsRx>4294967295</octetsRx>
      <octetsTx>4294967295</octetsTx>
      <packetsRx>4294967295</packetsRx>
      <packetsTx>4294967295</packetsTx>
      <rxFragError>4294967295</rxFragError>
    </loWPAN>
  </LLInterface>
  <LLInterface href="http://uri3">
    <CRCerrors>1</CRCerrors>
    <EUI64>7FFFFFFF</EUI64>
    <IEEE_802_15_4>
      <capabilityInfo>7F</capabilityInfo>
      <NeighborListLink all="1" href="http://uri3" />
      <shortAddress>1</shortAddress>
    </IEEE_802_15_4>
    <linkLayerType>1</linkLayerType>
    <LLAckNotRx>1</LLAckNotRx>
    <LLCSMAFail>1</LLCSMAFail>
    <LLFramesDropRx>1</LLFramesDropRx>
    <LLFramesDropTx>1</LLFramesDropTx>
    <LLFramesRx>1</LLFramesRx>
    <LLFramesTx>1</LLFramesTx>
    <LLMediaAccessFail>1</LLMediaAccessFail>
    <LLOctetsRx>1</LLOctetsRx>
    <LLOctetsTx>1</LLOctetsTx>
    <LLRetryCount>1</LLRetryCount>
    <LLSecurityErrorRx>1</LLSecurityErrorRx>
    <loWPAN>
      <octetsRx>1</octetsRx>
      <octetsTx>1</octetsTx>
      <packetsRx>1</packetsRx>
      <packetsTx>1</packetsTx>
      <rxFragError>1</rxFragError>
    </loWPAN>
  </LLInterface>
</LLInterfaceList>