<?xml version="1.0" encoding="utf-8"?>
<MeterReadingList all="0" results="0" subscribable="0" href="http://uri1" xmlns="urn:ieee:std:2030.5:ns">
  <MeterReading href="http://uri1">
    <mRID>0FB7</mRID>
    <description>description1</description>
    <version>0</version>
    <RateComponentListLink all="0" href="http://uri1" />
    <ReadingLink href="http://uri1" />
    <ReadingSetListLink all="0" href="http://uri1" />
    <ReadingTypeLink href="http://uri1" />
  </MeterReading>
  <MeterReading href="http://uri2">
    <mRID>80000001</mRID>
    <description>description2</description>
    <version>65535</version>
    <RateComponentListLink all="4294967295" href="http://uri2" />
    <ReadingLink href="http://uri2" />
    <ReadingSetListLink all="4294967295" href="http://uri2" />
    <ReadingTypeLink href="http://uri2" />
  </MeterReading>
  <MeterReading href="http://uri3">
    <mRID>7FFFFFFF</mRID>
    <description>description3</description>
    <version>1</version>
    <RateComponentListLink all="1" href="http://uri3" />
    <ReadingLink href="http://uri3" />
    <ReadingSetListLink all="1" href="http://uri3" />
    <ReadingTypeLink href="http://uri3" />
  </MeterReading>
</MeterReadingList>