<?xml version="1.0" encoding="utf-8"?>
<MirrorUsagePointList pollRate="900" all="0" results="0" href="http://uri1" xmlns="urn:ieee:std:2030.5:ns">
  <MirrorUsagePoint href="http://uri1">
    <mRID>0FB7</mRID>
    <description>description1</description>
    <version>0</version>
    <roleFlags>0FB7</roleFlags>
    <serviceCategoryKind>0</serviceCategoryKind>
    <status>0</status>
    <deviceLFDI>0FB7</deviceLFDI>
    <MirrorMeterReading href="http://uri1">
      <mRID>80000001</mRID>
      <description>description1</description>
      <version>65535</version>
      <lastUpdateTime>1</lastUpdateTime>
      <MirrorReadingSet href="http://uri1">
        <mRID>7FFFFFFF</mRID>
        <description>description1</description>
        <version>1</version>
        <timePeriod>
          <duration>0</duration>
          <start>1</start>
        </timePeriod>
        <Reading subscribable="0" href="http://uri1">
          <consumptionBlock>0</consumptionBlock>
          <qualityFlags>0FB7</qualityFlags>
          <timePeriod>
            <duration>0</duration>
            <start>-9223372036854775807</start>
          </timePeriod>
          <touTier>0</touTier>
          <value>-140737488355328</value>
          <localID>0FB7</localID>
        </Reading>
        <Reading subscribable="0" href="http://uri2">
          <consumptionBlock>255</consumptionBlock>
          <qualityFlags>8001</qualityFlags>
          <timePeriod>
            <duration>4294967295</duration>
            <start>9223372036854775807</start>
          </timePeriod>
          <touTier>255</touTier>
          <value>140737488355328</value>
          <localID>8001</localID>
        </Reading>
        <Reading subscribable="255" href="http://uri3">
          <consumptionBlock>1</consumptionBlock>
          <qualityFlags>7FFF</qualityFlags>
          <timePeriod>
            <duration>1</duration>
            <start>0</start>
          </timePeriod>
          <touTier>1</touTier>
          <value>-140737488355327</value>
          <localID>7FFF</localID>
        </Reading>
      </MirrorReadingSet>
      <MirrorReadingSet href="http://uri2">
        <mRID>0FB6</mRID>
        <description>description2</description>
        <version>65534</version>
        <timePeriod>
          <duration>4294967295</duration>
          <start>2</start>
        </timePeriod>
        <Reading subscribable="1" href="http://uri4">
          <consumptionBlock>254</consumptionBlock>
          <qualityFlags>0FB6</qualityFlags>
          <timePeriod>
            <duration>4294967294</duration>
            <start>-9223372036854775806</start>
          </timePeriod>
          <touTier>254</touTier>
          <value>140737488355327</value>
          <localID>0FB6</localID>
        </Reading>
        <Reading subscribable="254" href="http://uri5">
          <consumptionBlock>2</consumptionBlock>
          <qualityFlags>0FB8</qualityFlags>
          <timePeriod>
            <duration>2</duration>
            <start>9223372036854775806</start>
          </timePeriod>
          <touTier>2</touTier>
          <value>-140737488355326</value>
          <localID>0FB8</localID>
        </Reading>
        <Reading subscribable="2" href="http://uri6">
          <consumptionBlock>253</consumptionBlock>
          <qualityFlags>8002</qualityFlags>
          <timePeriod>
            <duration>4294967293</duration>
            <start>-1</start>
          </timePeriod>
          <touTier>253</touTier>
          <value>140737488355326</value>
          <localID>8002</localID>
        </Reading>
      </MirrorReadingSet>
      <MirrorReadingSet href="http://uri3">
        <mRID>0FB8</mRID>
        <description>description3</description>
        <version>2</version>
        <timePeriod>
          <duration>1</duration>
          <start>3</start>
        </timePeriod>
        <Reading subscribable="253" href="http://uri7">
          <consumptionBlock>3</consumptionBlock>
          <qualityFlags>7FFE</qualityFlags>
          <timePeriod>
            <duration>3</duration>
            <start>-9223372036854775805</start>
          </timePeriod>
          <touTier>3</touTier>
          <value>-140737488355325</value>
          <localID>7FFE</localID>
        </Reading>
        <Reading subscribable="3" href="http://uri8">
          <consumptionBlock>252</consumptionBlock>
          <qualityFlags>0FB5</qualityFlags>
          <timePeriod>
            <duration>4294967292</duration>
            <start>9223372036854775805</start>
          </timePeriod>
          <touTier>252</touTier>
          <value>140737488355325</value>
          <localID>0FB5</localID>
        </Reading>
        <Reading subscribable="252" href="http://uri9">
          <consumptionBlock>4</consumptionBlock>
          <qualityFlags>0FB9</qualityFlags>
          <timePeriod>
            <duration>4</duration>
            <start>-2</start>
          </timePeriod>
          <touTier>4</touTier>
          <value>-140737488355324</value>
          <localID>0FB9</localID>
        </Reading>
      </MirrorReadingSet>
      <nextUpdateTime>1</nextUpdateTime>
      <Reading subscribable="0" href="http://uri1">
        <consumptionBlock>251</consumptionBlock>
        <qualityFlags>0FB7</qualityFlags>
        <timePeriod>
          <duration>4294967291</duration>
          <start>4</start>
        </timePeriod>
        <touTier>251</touTier>
        <value>-140737488355328</value>
        <localID>0FB7</localID>
      </Reading>
      <ReadingType href="http://uri1">
        <accumulationBehaviour>0</accumulationBehaviour>
        <calorificValue>
          <multiplier>1</multiplier>
          <unit>0</unit>
          <value>1</value>
        </calorificValue>
        <commodity>0</commodity>
        <conversionFactor>
          <multiplier>-128</multiplier>
          <unit>255</unit>
          <value>1</value>
        </conversionFactor>
        <dataQualifier>0</dataQualifier>
        <flowDirection>0</flowDirection>
        <intervalLength>0</intervalLength>
        <kind>0</kind>
        <maxNumberOfIntervals>0</maxNumberOfIntervals>
        <numberOfConsumptionBlocks>0</numberOfConsumptionBlocks>
        <numberOfTouTiers>0</numberOfTouTiers>
        <phase>0</phase>
        <powerOfTenMultiplier>1</powerOfTenMultiplier>
        <subIntervalLength>0</subIntervalLength>
        <supplyLimit>0</supplyLimit>
        <tieredConsumptionBlocks>true</tieredConsumptionBlocks>
        <uom>0</uom>
      </ReadingType>
    </MirrorMeterReading>
    <MirrorMeterReading href="http://uri2">
      <mRID>80000002</mRID>
      <description>description2</description>
      <version>65533</version>
      <lastUpdateTime>-9223372036854775807</lastUpdateTime>
      <MirrorReadingSet href="http://uri4">
        <mRID>7FFFFFFE</mRID>
        <description>description4</description>
        <version>3</version>
        <timePeriod>
          <duration>4294967294</duration>
          <start>-9223372036854775804</start>
        </timePeriod>
        <Reading subscribable="4" href="http://uri10">
          <consumptionBlock>5</consumptionBlock>
          <qualityFlags>8003</qualityFlags>
          <timePeriod>
            <duration>5</duration>
            <start>9223372036854775804</start>
          </timePeriod>
          <touTier>5</touTier>
          <value>140737488355324</value>
          <localID>8003</localID>
        </Reading>
        <Reading subscribable="251" href="http://uri11">
          <consumptionBlock>250</consumptionBlock>
          <qualityFlags>7FFD</qualityFlags>
          <timePeriod>
            <duration>4294967290</duration>
            <start>-3</start>
          </timePeriod>
          <touTier>250</touTier>
          <value>-140737488355323</value>
          <localID>7FFD</localID>
        </Reading>
        <Reading subscribable="5" href="http://uri12">
          <consumptionBlock>6</consumptionBlock>
          <qualityFlags>0FB4</qualityFlags>
          <timePeriod>
            <duration>6</duration>
            <start>5</start>
          </timePeriod>
          <touTier>6</touTier>
          <value>140737488355323</value>
          <localID>0FB4</localID>
        </Reading>
      </MirrorReadingSet>
      <MirrorReadingSet href="http://uri5">
        <mRID>0FB5</mRID>
        <description>description5</description>
        <version>65532</version>
        <timePeriod>
          <duration>2</duration>
          <start>-9223372036854775803</start>
        </timePeriod>
        <Reading subscribable="250" href="http://uri13">
          <consumptionBlock>249</consumptionBlock>
          <qualityFlags>0FBA</qualityFlags>
          <timePeriod>
            <duration>4294967289</duration>
            <start>9223372036854775803</start>
          </timePeriod>
          <touTier>249</touTier>
          <value>-140737488355322</value>
          <localID>0FBA</localID>
        </Reading>
        <Reading subscribable="6" href="http://uri14">
          <consumptionBlock>7</consumptionBlock>
          <qualityFlags>8004</qualityFlags>
          <timePeriod>
            <duration>7</duration>
            <start>-4</start>
          </timePeriod>
          <touTier>7</touTier>
          <value>140737488355322</value>
          <localID>8004</localID>
        </Reading>
        <Reading subscribable="249" href="http://uri15">
          <consumptionBlock>248</consumptionBlock>
          <qualityFlags>7FFC</qualityFlags>
          <timePeriod>
            <duration>4294967288</duration>
            <start>6</start>
          </timePeriod>
          <touTier>248</touTier>
          <value>-140737488355321</value>
          <localID>7FFC</localID>
        </Reading>
      </MirrorReadingSet>
      <MirrorReadingSet href="http://uri6">
        <mRID>0FB9</mRID>
        <description>description6</description>
        <version>4</version>
        <timePeriod>
          <duration>4294967293</duration>
          <start>-9223372036854775802</start>
        </timePeriod>
        <Reading subscribable="7" href="http://uri16">
          <consumptionBlock>8</consumptionBlock>
          <qualityFlags>0FB3</qualityFlags>
          <timePeriod>
            <duration>8</duration>
            <start>9223372036854775802</start>
          </timePeriod>
          <touTier>8</touTier>
          <value>140737488355321</value>
          <localID>0FB3</localID>
        </Reading>
        <Reading subscribable="248" href="http://uri17">
          <consumptionBlock>247</consumptionBlock>
          <qualityFlags>0FBB</qualityFlags>
          <timePeriod>
            <duration>4294967287</duration>
            <start>-5</start>
          </timePeriod>
          <touTier>247</touTier>
          <value>-140737488355320</value>
          <localID>0FBB</localID>
        </Reading>
        <Reading subscribable="8" href="http://uri18">
          <consumptionBlock>9</consumptionBlock>
          <qualityFlags>8005</qualityFlags>
          <timePeriod>
            <duration>9</duration>
            <start>7</start>
          </timePeriod>
          <touTier>9</touTier>
          <value>140737488355320</value>
          <localID>8005</localID>
        </Reading>
      </MirrorReadingSet>
      <nextUpdateTime>-9223372036854775807</nextUpdateTime>
      <Reading subscribable="0" href="http://uri2">
        <consumptionBlock>246</consumptionBlock>
        <qualityFlags>8001</qualityFlags>
        <timePeriod>
          <duration>4294967286</duration>
          <start>-9223372036854775801</start>
        </timePeriod>
        <touTier>246</touTier>
        <value>140737488355328</value>
        <localID>8001</localID>
      </Reading>
      <ReadingType href="http://uri2">
        <accumulationBehaviour>255</accumulationBehaviour>
        <calorificValue>
          <multiplier>127</multiplier>
          <unit>1</unit>
          <value>-2147483647</value>
        </calorificValue>
        <commodity>255</commodity>
        <conversionFactor>
          <multiplier>0</multiplier>
          <unit>254</unit>
          <value>-2147483647</value>
        </conversionFactor>
        <dataQualifier>255</dataQualifier>
        <flowDirection>255</flowDirection>
        <intervalLength>4294967295</intervalLength>
        <kind>255</kind>
        <maxNumberOfIntervals>255</maxNumberOfIntervals>
        <numberOfConsumptionBlocks>255</numberOfConsumptionBlocks>
        <numberOfTouTiers>255</numberOfTouTiers>
        <phase>255</phase>
        <powerOfTenMultiplier>-128</powerOfTenMultiplier>
        <subIntervalLength>4294967295</subIntervalLength>
        <supplyLimit>281474976710655</supplyLimit>
        <tieredConsumptionBlocks>false</tieredConsumptionBlocks>
        <uom>255</uom>
      </ReadingType>
    </MirrorMeterReading>
    <MirrorMeterReading href="http://uri3">
      <mRID>80000003</mRID>
      <description>description3</description>
      <version>65531</version>
      <lastUpdateTime>9223372036854775807</lastUpdateTime>
      <MirrorReadingSet href="http://uri7">
        <mRID>7FFFFFFD</mRID>
        <description>description7</description>
        <version>5</version>
        <timePeriod>
          <duration>3</duration>
          <start>9223372036854775801</start>
        </timePeriod>
        <Reading subscribable="247" href="http://uri19">
          <consumptionBlock>10</consumptionBlock>
          <qualityFlags>7FFB</qualityFlags>
          <timePeriod>
            <duration>10</duration>
            <start>-6</start>
          </timePeriod>
          <touTier>10</touTier>
          <value>-140737488355319</value>
          <localID>7FFB</localID>
        </Reading>
        <Reading subscribable="9" href="http://uri20">
          <consumptionBlock>245</consumptionBlock>
          <qualityFlags>0FB2</qualityFlags>
          <timePeriod>
            <duration>4294967285</duration>
            <start>8</start>
          </timePeriod>
          <touTier>245</touTier>
          <value>140737488355319</value>
          <localID>0FB2</localID>
        </Reading>
        <Reading subscribable="246" href="http://uri21">
          <consumptionBlock>11</consumptionBlock>
          <qualityFlags>0FBC</qualityFlags>
          <timePeriod>
            <duration>11</duration>
            <start>-9223372036854775800</start>
          </timePeriod>
          <touTier>11</touTier>
          <value>-140737488355318</value>
          <localID>0FBC</localID>
        </Reading>
      </MirrorReadingSet>
      <MirrorReadingSet href="http://uri8">
        <mRID>0FB4</mRID>
        <description>description8</description>
        <version>65530</version>
        <timePeriod>
          <duration>4294967292</duration>
          <start>9223372036854775800</start>
        </timePeriod>
        <Reading subscribable="10" href="http://uri22">
          <consumptionBlock>244</consumptionBlock>
          <qualityFlags>8006</qualityFlags>
          <timePeriod>
            <duration>4294967284</duration>
            <start>-7</start>
          </timePeriod>
          <touTier>244</touTier>
          <value>140737488355318</value>
          <localID>8006</localID>
        </Reading>
        <Reading subscribable="245" href="http://uri23">
          <consumptionBlock>12</consumptionBlock>
          <qualityFlags>7FFA</qualityFlags>
          <timePeriod>
            <duration>12</duration>
            <start>9</start>
          </timePeriod>
          <touTier>12</touTier>
          <value>-140737488355317</value>
          <localID>7FFA</localID>
        </Reading>
        <Reading subscribable="11" href="http://uri24">
          <consumptionBlock>243</consumptionBlock>
          <qualityFlags>0FB1</qualityFlags>
          <timePeriod>
            <duration>4294967283</duration>
            <start>-9223372036854775799</start>
          </timePeriod>
          <touTier>243</touTier>
          <value>140737488355317</value>
          <localID>0FB1</localID>
        </Reading>
      </MirrorReadingSet>
      <MirrorReadingSet href="http://uri9">
        <mRID>0FBA</mRID>
        <description>description9</description>
        <version>6</version>
        <timePeriod>
          <duration>4</duration>
          <start>9223372036854775799</start>
        </timePeriod>
        <Reading subscribable="244" href="http://uri25">
          <consumptionBlock>13</consumptionBlock>
          <qualityFlags>0FBD</qualityFlags>
          <timePeriod>
            <duration>13</duration>
            <start>-8</start>
          </timePeriod>
          <touTier>13</touTier>
          <value>-140737488355316</value>
          <localID>0FBD</localID>
        </Reading>
        <Reading subscribable="12" href="http://uri26">
          <consumptionBlock>242</consumptionBlock>
          <qualityFlags>8007</qualityFlags>
          <timePeriod>
            <duration>4294967282</duration>
            <start>10</start>
          </timePeriod>
          <touTier>242</touTier>
          <value>140737488355316</value>
          <localID>8007</localID>
        </Reading>
        <Reading subscribable="243" href="http://uri27">
          <consumptionBlock>14</consumptionBlock>
          <qualityFlags>7FF9</qualityFlags>
          <timePeriod>
            <duration>14</duration>
            <start>-9223372036854775798</start>
          </timePeriod>
          <touTier>14</touTier>
          <value>-140737488355315</value>
          <localID>7FF9</localID>
        </Reading>
      </MirrorReadingSet>
      <nextUpdateTime>9223372036854775807</nextUpdateTime>
      <Reading subscribable="255" href="http://uri3">
        <consumptionBlock>241</consumptionBlock>
        <qualityFlags>7FFF</qualityFlags>
        <timePeriod>
          <duration>4294967281</duration>
          <start>9223372036854775798</start>
        </timePeriod>
        <touTier>241</touTier>
        <value>-140737488355327</value>
        <localID>7FFF</localID>
      </Reading>
      <ReadingType href="http://uri3">
        <accumulationBehaviour>1</accumulationBehaviour>
        <calorificValue>
          <multiplier>2</multiplier>
          <unit>2</unit>
          <value>2147483647</value>
        </calorificValue>
        <commodity>1</commodity>
        <conversionFactor>
          <multiplier>-127</multiplier>
          <unit>253</unit>
          <value>2147483647</value>
        </conversionFactor>
        <dataQualifier>1</dataQualifier>
        <flowDirection>1</flowDirection>
        <intervalLength>1</intervalLength>
        <kind>1</kind>
        <maxNumberOfIntervals>1</maxNumberOfIntervals>
        <numberOfConsumptionBlocks>1</numberOfConsumptionBlocks>
        <numberOfTouTiers>1</numberOfTouTiers>
        <phase>1</phase>
        <powerOfTenMultiplier>127</powerOfTenMultiplier>
        <subIntervalLength>1</subIntervalLength>
        <supplyLimit>1</supplyLimit>
        <tieredConsumptionBlocks>true</tieredConsumptionBlocks>
        <uom>1</uom>
      </ReadingType>
    </MirrorMeterReading>
    <postRate>0</postRate>
  </MirrorUsagePoint>
  <MirrorUsagePoint href="http://uri2">
    <mRID>80000004</mRID>
    <description>description2</description>
    <version>65529</version>
    <roleFlags>8001</roleFlags>
    <serviceCategoryKind>255</serviceCategoryKind>
    <status>255</status>
    <deviceLFDI>80000001</deviceLFDI>
    <MirrorMeterReading href="http://uri4">
      <mRID>7FFFFFFC</mRID>
      <description>description4</description>
      <version>7</version>
      <lastUpdateTime>0</lastUpdateTime>
      <MirrorReadingSet href="http://uri10">
        <mRID>0FB3</mRID>
        <description>description10</description>
        <version>65528</version>
        <timePeriod>
          <duration>4294967291</duration>
          <start>-9</start>
        </timePeriod>
        <Reading subscribable="13" href="http://uri28">
          <consumptionBlock>15</consumptionBlock>
          <qualityFlags>0FB0</qualityFlags>
          <timePeriod>
            <duration>15</duration>
            <start>11</start>
          </timePeriod>
          <touTier>15</touTier>
          <value>140737488355315</value>
          <localID>0FB0</localID>
        </Reading>
        <Reading subscribable="242" href="http://uri29">
          <consumptionBlock>240</consumptionBlock>
          <qualityFlags>0FBE</qualityFlags>
          <timePeriod>
            <duration>4294967280</duration>
            <start>-9223372036854775797</start>
          </timePeriod>
          <touTier>240</touTier>
          <value>-140737488355314</value>
          <localID>0FBE</localID>
        </Reading>
        <Reading subscribable="14" href="http://uri30">
          <consumptionBlock>16</consumptionBlock>
          <qualityFlags>8008</qualityFlags>
          <timePeriod>
            <duration>16</duration>
            <start>9223372036854775797</start>
          </timePeriod>
          <touTier>16</touTier>
          <value>140737488355314</value>
          <localID>8008</localID>
        </Reading>
      </MirrorReadingSet>
      <MirrorReadingSet href="http://uri11">
        <mRID>0FBB</mRID>
        <description>description11</description>
        <version>8</version>
        <timePeriod>
          <duration>5</duration>
          <start>-10</start>
        </timePeriod>
        <Reading subscribable="241" href="http://uri31">
          <consumptionBlock>239</consumptionBlock>
          <qualityFlags>7FF8</qualityFlags>
          <timePeriod>
            <duration>4294967279</duration>
            <start>12</start>
          </timePeriod>
          <touTier>239</touTier>
          <value>-140737488355313</value>
          <localID>7FF8</localID>
        </Reading>
        <Reading subscribable="15" href="http://uri32">
          <consumptionBlock>17</consumptionBlock>
          <qualityFlags>0FAF</qualityFlags>
          <timePeriod>
            <duration>17</duration>
            <start>-9223372036854775796</start>
          </timePeriod>
          <touTier>17</touTier>
          <value>140737488355313</value>
          <localID>0FAF</localID>
        </Reading>
        <Reading subscribable="240" href="http://uri33">
          <consumptionBlock>238</consumptionBlock>
          <qualityFlags>0FBF</qualityFlags>
          <timePeriod>
            <duration>4294967278</duration>
            <start>9223372036854775796</start>
          </timePeriod>
          <touTier>238</touTier>
          <value>-140737488355312</value>
          <localID>0FBF</localID>
        </Reading>
      </MirrorReadingSet>
      <MirrorReadingSet href="http://uri12">
        <mRID>80000005</mRID>
        <description>description12</description>
        <version>65527</version>
        <timePeriod>
          <duration>4294967290</duration>
          <start>-11</start>
        </timePeriod>
        <Reading subscribable="16" href="http://uri34">
          <consumptionBlock>18</consumptionBlock>
          <qualityFlags>8009</qualityFlags>
          <timePeriod>
            <duration>18</duration>
            <start>13</start>
          </timePeriod>
          <touTier>18</touTier>
          <value>140737488355312</value>
          <localID>8009</localID>
        </Reading>
        <Reading subscribable="239" href="http://uri35">
          <consumptionBlock>237</consumptionBlock>
          <qualityFlags>7FF7</qualityFlags>
          <timePeriod>
            <duration>4294967277</duration>
            <start>-9223372036854775795</start>
          </timePeriod>
          <touTier>237</touTier>
          <value>-140737488355311</value>
          <localID>7FF7</localID>
        </Reading>
        <Reading subscribable="17" href="http://uri36">
          <consumptionBlock>19</consumptionBlock>
          <qualityFlags>0FAE</qualityFlags>
          <timePeriod>
            <duration>19</duration>
            <start>9223372036854775795</start>
          </timePeriod>
          <touTier>19</touTier>
          <value>140737488355311</value>
          <localID>0FAE</localID>
        </Reading>
      </MirrorReadingSet>
      <nextUpdateTime>0</nextUpdateTime>
      <Reading subscribable="1" href="http://uri4">
        <consumptionBlock>236</consumptionBlock>
        <qualityFlags>0FB6</qualityFlags>
        <timePeriod>
          <duration>4294967276</duration>
          <start>-12</start>
        </timePeriod>
        <touTier>236</touTier>
        <value>140737488355327</value>
        <localID>0FB6</localID>
      </Reading>
      <ReadingType href="http://uri4">
        <accumulationBehaviour>254</accumulationBehaviour>
        <calorificValue>
          <multiplier>126</multiplier>
          <unit>3</unit>
          <value>0</value>
        </calorificValue>
        <commodity>254</commodity>
        <conversionFactor>
          <multiplier>-1</multiplier>
          <unit>252</unit>
          <value>0</value>
        </conversionFactor>
        <dataQualifier>254</dataQualifier>
        <flowDirection>254</flowDirection>
        <intervalLength>4294967294</intervalLength>
        <kind>254</kind>
        <maxNumberOfIntervals>254</maxNumberOfIntervals>
        <numberOfConsumptionBlocks>254</numberOfConsumptionBlocks>
        <numberOfTouTiers>254</numberOfTouTiers>
        <phase>254</phase>
        <powerOfTenMultiplier>0</powerOfTenMultiplier>
        <subIntervalLength>4294967294</subIntervalLength>
        <supplyLimit>281474976710654</supplyLimit>
        <tieredConsumptionBlocks>false</tieredConsumptionBlocks>
        <uom>254</uom>
      </ReadingType>
    </MirrorMeterReading>
    <MirrorMeterReading href="http://uri5">
      <mRID>7FFFFFFB</mRID>
      <description>description5</description>
      <version>9</version>
      <lastUpdateTime>2</lastUpdateTime>
      <MirrorReadingSet href="http://uri13">
        <mRID>0FB2</mRID>
        <description>description13</description>
        <version>65526</version>
        <timePeriod>
          <duration>6</duration>
          <start>14</start>
        </timePeriod>
        <Reading subscribable="238" href="http://uri37">
          <consumptionBlock>20</consumptionBlock>
          <qualityFlags>0FC0</qualityFlags>
          <timePeriod>
            <duration>20</duration>
            <start>-9223372036854775794</start>
          </timePeriod>
          <touTier>20</touTier>
          <value>-140737488355310</value>
          <localID>0FC0</localID>
        </Reading>
        <Reading subscribable="18" href="http://uri38">
          <consumptionBlock>235</consumptionBlock>
          <qualityFlags>800A</qualityFlags>
          <timePeriod>
            <duration>4294967275</duration>
            <start>9223372036854775794</start>
          </timePeriod>
          <touTier>235</touTier>
          <value>140737488355310</value>
          <localID>800A</localID>
        </Reading>
        <Reading subscribable="237" href="http://uri39">
          <consumptionBlock>21</consumptionBlock>
          <qualityFlags>7FF6</qualityFlags>
          <timePeriod>
            <duration>21</duration>
            <start>-13</start>
          </timePeriod>
          <touTier>21</touTier>
          <value>-140737488355309</value>
          <localID>7FF6</localID>
        </Reading>
      </MirrorReadingSet>
      <MirrorReadingSet href="http://uri14">
        <mRID>0FBC</mRID>
        <description>description14</description>
        <version>10</version>
        <timePeriod>
          <duration>4294967289</duration>
          <start>15</start>
        </timePeriod>
        <Reading subscribable="19" href="http://uri40">
          <consumptionBlock>234</consumptionBlock>
          <qualityFlags>0FAD</qualityFlags>
          <timePeriod>
            <duration>4294967274</duration>
            <start>-9223372036854775793</start>
          </timePeriod>
          <touTier>234</touTier>
          <value>140737488355309</value>
          <localID>0FAD</localID>
        </Reading>
        <Reading subscribable="236" href="http://uri41">
          <consumptionBlock>22</consumptionBlock>
          <qualityFlags>0FC1</qualityFlags>
          <timePeriod>
            <duration>22</duration>
            <start>9223372036854775793</start>
          </timePeriod>
          <touTier>22</touTier>
          <value>-140737488355308</value>
          <localID>0FC1</localID>
        </Reading>
        <Reading subscribable="20" href="http://uri42">
          <consumptionBlock>233</consumptionBlock>
          <qualityFlags>800B</qualityFlags>
          <timePeriod>
            <duration>4294967273</duration>
            <start>-14</start>
          </timePeriod>
          <touTier>233</touTier>
          <value>140737488355308</value>
          <localID>800B</localID>
        </Reading>
      </MirrorReadingSet>
      <MirrorReadingSet href="http://uri15">
        <mRID>80000006</mRID>
        <description>description15</description>
        <version>65525</version>
        <timePeriod>
          <duration>7</duration>
          <start>16</start>
        </timePeriod>
        <Reading subscribable="235" href="http://uri43">
          <consumptionBlock>23</consumptionBlock>
          <qualityFlags>7FF5</qualityFlags>
          <timePeriod>
            <duration>23</duration>
            <start>-9223372036854775792</start>
          </timePeriod>
          <touTier>23</touTier>
          <value>-140737488355307</value>
          <localID>7FF5</localID>
        </Reading>
        <Reading subscribable="21" href="http://uri44">
          <consumptionBlock>232</consumptionBlock>
          <qualityFlags>0FAC</qualityFlags>
          <timePeriod>
            <duration>4294967272</duration>
            <start>9223372036854775792</start>
          </timePeriod>
          <touTier>232</touTier>
          <value>140737488355307</value>
          <localID>0FAC</localID>
        </Reading>
        <Reading subscribable="234" href="http://uri45">
          <consumptionBlock>24</consumptionBlock>
          <qualityFlags>0FC2</qualityFlags>
          <timePeriod>
            <duration>24</duration>
            <start>-15</start>
          </timePeriod>
          <touTier>24</touTier>
          <value>-140737488355306</value>
          <localID>0FC2</localID>
        </Reading>
      </MirrorReadingSet>
      <nextUpdateTime>2</nextUpdateTime>
      <Reading subscribable="254" href="http://uri5">
        <consumptionBlock>231</consumptionBlock>
        <qualityFlags>0FB8</qualityFlags>
        <timePeriod>
          <duration>4294967271</duration>
          <start>17</start>
        </timePeriod>
        <touTier>231</touTier>
        <value>-140737488355326</value>
        <localID>0FB8</localID>
      </Reading>
      <ReadingType href="http://uri5">
        <accumulationBehaviour>2</accumulationBehaviour>
        <calorificValue>
          <multiplier>3</multiplier>
          <unit>4</unit>
          <value>2</value>
        </calorificValue>
        <commodity>2</commodity>
        <conversionFactor>
          <multiplier>-126</multiplier>
          <unit>251</unit>
          <value>2</value>
        </conversionFactor>
        <dataQualifier>2</dataQualifier>
        <flowDirection>2</flowDirection>
        <intervalLength>2</intervalLength>
        <kind>2</kind>
        <maxNumberOfIntervals>2</maxNumberOfIntervals>
        <numberOfConsumptionBlocks>2</numberOfConsumptionBlocks>
        <numberOfTouTiers>2</numberOfTouTiers>
        <phase>2</phase>
        <powerOfTenMultiplier>2</powerOfTenMultiplier>
        <subIntervalLength>2</subIntervalLength>
        <supplyLimit>2</supplyLimit>
        <tieredConsumptionBlocks>true</tieredConsumptionBlocks>
        <uom>2</uom>
      </ReadingType>
    </MirrorMeterReading>
    <MirrorMeterReading href="http://uri6">
      <mRID>7FFFFFFA</mRID>
      <description>description6</description>
      <version>11</version>
      <lastUpdateTime>-9223372036854775806</lastUpdateTime>
      <MirrorReadingSet href="http://uri16">
        <mRID>0FB1</mRID>
        <description>description16</description>
        <version>65524</version>
        <timePeriod>
          <duration>4294967288</duration>
          <start>-9223372036854775791</start>
        </timePeriod>
        <Reading subscribable="22" href="http://uri46">
          <consumptionBlock>25</consumptionBlock>
          <qualityFlags>800C</qualityFlags>
          <timePeriod>
            <duration>25</duration>
            <start>9223372036854775791</start>
          </timePeriod>
          <touTier>25</touTier>
          <value>140737488355306</value>
          <localID>800C</localID>
        </Reading>
        <Reading subscribable="233" href="http://uri47">
          <consumptionBlock>230</consumptionBlock>
          <qualityFlags>7FF4</qualityFlags>
          <timePeriod>
            <duration>4294967270</duration>
            <start>-16</start>
          </timePeriod>
          <touTier>230</touTier>
          <value>-140737488355305</value>
          <localID>7FF4</localID>
        </Reading>
        <Reading subscribable="23" href="http://uri48">
          <consumptionBlock>26</consumptionBlock>
          <qualityFlags>0FAB</qualityFlags>
          <timePeriod>
            <duration>26</duration>
            <start>18</start>
          </timePeriod>
          <touTier>26</touTier>
          <value>140737488355305</value>
          <localID>0FAB</localID>
        </Reading>
      </MirrorReadingSet>
      <MirrorReadingSet href="http://uri17">
        <mRID>0FBD</mRID>
        <description>description17</description>
        <version>12</version>
        <timePeriod>
          <duration>8</duration>
          <start>-9223372036854775790</start>
        </timePeriod>
        <Reading subscribable="232" href="http://uri49">
          <consumptionBlock>229</consumptionBlock>
          <qualityFlags>0FC3</qualityFlags>
          <timePeriod>
            <duration>4294967269</duration>
            <start>9223372036854775790</start>
          </timePeriod>
          <touTier>229</touTier>
          <value>-140737488355304</value>
          <localID>0FC3</localID>
        </Reading>
        <Reading subscribable="24" href="http://uri50">
          <consumptionBlock>27</consumptionBlock>
          <qualityFlags>800D</qualityFlags>
          <timePeriod>
            <duration>27</duration>
            <start>-17</start>
          </timePeriod>
          <touTier>27</touTier>
          <value>140737488355304</value>
          <localID>800D</localID>
        </Reading>
        <Reading subscribable="231" href="http://uri51">
          <consumptionBlock>228</consumptionBlock>
          <qualityFlags>7FF3</qualityFlags>
          <timePeriod>
            <duration>4294967268</duration>
            <start>19</start>
          </timePeriod>
          <touTier>228</touTier>
          <value>-140737488355303</value>
          <localID>7FF3</localID>
        </Reading>
      </MirrorReadingSet>
      <MirrorReadingSet href="http://uri18">
        <mRID>80000007</mRID>
        <description>description18</description>
        <version>65523</version>
        <timePeriod>
          <duration>4294967287</duration>
          <start>-9223372036854775789</start>
        </timePeriod>
        <Reading subscribable="25" href="http://uri52">
          <consumptionBlock>28</consumptionBlock>
          <qualityFlags>0FAA</qualityFlags>
          <timePeriod>
            <duration>28</duration>
            <start>9223372036854775789</start>
          </timePeriod>
          <touTier>28</touTier>
          <value>140737488355303</value>
          <localID>0FAA</localID>
        </Reading>
        <Reading subscribable="230" href="http://uri53">
          <consumptionBlock>227</consumptionBlock>
          <qualityFlags>0FC4</qualityFlags>
          <timePeriod>
            <duration>4294967267</duration>
            <start>-18</start>
          </timePeriod>
          <touTier>227</touTier>
          <value>-140737488355302</value>
          <localID>0FC4</localID>
        </Reading>
        <Reading subscribable="26" href="http://uri54">
          <consumptionBlock>29</consumptionBlock>
          <qualityFlags>800E</qualityFlags>
          <timePeriod>
            <duration>29</duration>
            <start>20</start>
          </timePeriod>
          <touTier>29</touTier>
          <value>140737488355302</value>
          <localID>800E</localID>
        </Reading>
      </MirrorReadingSet>
      <nextUpdateTime>-9223372036854775806</nextUpdateTime>
      <Reading subscribable="2" href="http://uri6">
        <consumptionBlock>226</consumptionBlock>
        <qualityFlags>8002</qualityFlags>
        <timePeriod>
          <duration>4294967266</duration>
          <start>-9223372036854775788</start>
        </timePeriod>
        <touTier>226</touTier>
        <value>140737488355326</value>
        <localID>8002</localID>
      </Reading>
      <ReadingType href="http://uri6">
        <accumulationBehaviour>253</accumulationBehaviour>
        <calorificValue>
          <multiplier>125</multiplier>
          <unit>5</unit>
          <value>-2147483646</value>
        </calorificValue>
        <commodity>253</commodity>
        <conversionFactor>
          <multiplier>-2</multiplier>
          <unit>250</unit>
          <value>-2147483646</value>
        </conversionFactor>
        <dataQualifier>253</dataQualifier>
        <flowDirection>253</flowDirection>
        <intervalLength>4294967293</intervalLength>
        <kind>253</kind>
        <maxNumberOfIntervals>253</maxNumberOfIntervals>
        <numberOfConsumptionBlocks>253</numberOfConsumptionBlocks>
        <numberOfTouTiers>253</numberOfTouTiers>
        <phase>253</phase>
        <powerOfTenMultiplier>-127</powerOfTenMultiplier>
        <subIntervalLength>4294967293</subIntervalLength>
        <supplyLimit>281474976710653</supplyLimit>
        <tieredConsumptionBlocks>false</tieredConsumptionBlocks>
        <uom>253</uom>
      </ReadingType>
    </MirrorMeterReading>
    <postRate>4294967295</postRate>
  </MirrorUsagePoint>
  <MirrorUsagePoint href="http://uri3">
    <mRID>7FFFFFF9</mRID>
    <description>description3</description>
    <version>13</version>
    <roleFlags>7FFF</roleFlags>
    <serviceCategoryKind>1</serviceCategoryKind>
    <status>1</status>
    <deviceLFDI>7FFFFFFF</deviceLFDI>
    <MirrorMeterReading href="http://uri7">
      <mRID>0FB0</mRID>
      <description>description7</description>
      <version>65522</version>
      <lastUpdateTime>9223372036854775806</lastUpdateTime>
      <MirrorReadingSet href="http://uri19">
        <mRID>0FBE</mRID>
        <description>description19</description>
        <version>14</version>
        <timePeriod>
          <duration>9</duration>
          <start>9223372036854775788</start>
        </timePeriod>
        <Reading subscribable="229" href="http://uri55">
          <consumptionBlock>30</consumptionBlock>
          <qualityFlags>7FF2</qualityFlags>
          <timePeriod>
            <duration>30</duration>
            <start>-19</start>
          </timePeriod>
          <touTier>30</touTier>
          <value>-140737488355301</value>
          <localID>7FF2</localID>
        </Reading>
        <Reading subscribable="27" href="http://uri56">
          <consumptionBlock>225</consumptionBlock>
          <qualityFlags>0FA9</qualityFlags>
          <timePeriod>
            <duration>4294967265</duration>
            <start>21</start>
          </timePeriod>
          <touTier>225</touTier>
          <value>140737488355301</value>
          <localID>0FA9</localID>
        </Reading>
        <Reading subscribable="228" href="http://uri57">
          <consumptionBlock>31</consumptionBlock>
          <qualityFlags>0FC5</qualityFlags>
          <timePeriod>
            <duration>31</duration>
            <start>-9223372036854775787</start>
          </timePeriod>
          <touTier>31</touTier>
          <value>-140737488355300</value>
          <localID>0FC5</localID>
        </Reading>
      </MirrorReadingSet>
      <MirrorReadingSet href="http://uri20">
        <mRID>80000008</mRID>
        <description>description20</description>
        <version>65521</version>
        <timePeriod>
          <duration>4294967286</duration>
          <start>9223372036854775787</start>
        </timePeriod>
        <Reading subscribable="28" href="http://uri58">
          <consumptionBlock>224</consumptionBlock>
          <qualityFlags>800F</qualityFlags>
          <timePeriod>
            <duration>4294967264</duration>
            <start>-20</start>
          </timePeriod>
          <touTier>224</touTier>
          <value>140737488355300</value>
          <localID>800F</localID>
        </Reading>
        <Reading subscribable="227" href="http://uri59">
          <consumptionBlock>32</consumptionBlock>
          <qualityFlags>7FF1</qualityFlags>
          <timePeriod>
            <duration>32</duration>
            <start>22</start>
          </timePeriod>
          <touTier>32</touTier>
          <value>-140737488355299</value>
          <localID>7FF1</localID>
        </Reading>
        <Reading subscribable="29" href="http://uri60">
          <consumptionBlock>223</consumptionBlock>
          <qualityFlags>0FA8</qualityFlags>
          <timePeriod>
            <duration>4294967263</duration>
            <start>-9223372036854775786</start>
          </timePeriod>
          <touTier>223</touTier>
          <value>140737488355299</value>
          <localID>0FA8</localID>
        </Reading>
      </MirrorReadingSet>
      <MirrorReadingSet href="http://uri21">
        <mRID>7FFFFFF8</mRID>
        <description>description21</description>
        <version>15</version>
        <timePeriod>
          <duration>10</duration>
          <start>9223372036854775786</start>
        </timePeriod>
        <Reading subscribable="226" href="http://uri61">
          <consumptionBlock>33</consumptionBlock>
          <qualityFlags>0FC6</qualityFlags>
          <timePeriod>
            <duration>33</duration>
            <start>-21</start>
          </timePeriod>
          <touTier>33</touTier>
          <value>-140737488355298</value>
          <localID>0FC6</localID>
        </Reading>
        <Reading subscribable="30" href="http://uri62">
          <consumptionBlock>222</consumptionBlock>
          <qualityFlags>8010</qualityFlags>
          <timePeriod>
            <duration>4294967262</duration>
            <start>23</start>
          </timePeriod>
          <touTier>222</touTier>
          <value>140737488355298</value>
          <localID>8010</localID>
        </Reading>
        <Reading subscribable="225" href="http://uri63">
          <consumptionBlock>34</consumptionBlock>
          <qualityFlags>7FF0</qualityFlags>
          <timePeriod>
            <duration>34</duration>
            <start>-9223372036854775785</start>
          </timePeriod>
          <touTier>34</touTier>
          <value>-140737488355297</value>
          <localID>7FF0</localID>
        </Reading>
      </MirrorReadingSet>
      <nextUpdateTime>9223372036854775806</nextUpdateTime>
      <Reading subscribable="253" href="http://uri7">
        <consumptionBlock>221</consumptionBlock>
        <qualityFlags>7FFE</qualityFlags>
        <timePeriod>
          <duration>4294967261</duration>
          <start>9223372036854775785</start>
        </timePeriod>
        <touTier>221</touTier>
        <value>-140737488355325</value>
        <localID>7FFE</localID>
      </Reading>
      <ReadingType href="http://uri7">
        <accumulationBehaviour>3</accumulationBehaviour>
        <calorificValue>
          <multiplier>4</multiplier>
          <unit>6</unit>
          <value>2147483646</value>
        </calorificValue>
        <commodity>3</commodity>
        <conversionFactor>
          <multiplier>-125</multiplier>
          <unit>249</unit>
          <value>2147483646</value>
        </conversionFactor>
        <dataQualifier>3</dataQualifier>
        <flowDirection>3</flowDirection>
        <intervalLength>3</intervalLength>
        <kind>3</kind>
        <maxNumberOfIntervals>3</maxNumberOfIntervals>
        <numberOfConsumptionBlocks>3</numberOfConsumptionBlocks>
        <numberOfTouTiers>3</numberOfTouTiers>
        <phase>3</phase>
        <powerOfTenMultiplier>126</powerOfTenMultiplier>
        <subIntervalLength>3</subIntervalLength>
        <supplyLimit>3</supplyLimit>
        <tieredConsumptionBlocks>true</tieredConsumptionBlocks>
        <uom>3</uom>
      </ReadingType>
    </MirrorMeterReading>
    <MirrorMeterReading href="http://uri8">
      <mRID>0FAF</mRID>
      <description>description8</description>
      <version>65520</version>
      <lastUpdateTime>-1</lastUpdateTime>
      <MirrorReadingSet href="http://uri22">
        <mRID>0FBF</mRID>
        <description>description22</description>
        <version>16</version>
        <timePeriod>
          <duration>4294967285</duration>
          <start>-22</start>
        </timePeriod>
        <Reading subscribable="31" href="http://uri64">
          <consumptionBlock>35</consumptionBlock>
          <qualityFlags>0FA7</qualityFlags>
          <timePeriod>
            <duration>35</duration>
            <start>24</start>
          </timePeriod>
          <touTier>35</touTier>
          <value>140737488355297</value>
          <localID>0FA7</localID>
        </Reading>
        <Reading subscribable="224" href="http://uri65">
          <consumptionBlock>220</consumptionBlock>
          <qualityFlags>0FC7</qualityFlags>
          <timePeriod>
            <duration>4294967260</duration>
            <start>-9223372036854775784</start>
          </timePeriod>
          <touTier>220</touTier>
          <value>-140737488355296</value>
          <localID>0FC7</localID>
        </Reading>
        <Reading subscribable="32" href="http://uri66">
          <consumptionBlock>36</consumptionBlock>
          <qualityFlags>8011</qualityFlags>
          <timePeriod>
            <duration>36</duration>
            <start>9223372036854775784</start>
          </timePeriod>
          <touTier>36</touTier>
          <value>140737488355296</value>
          <localID>8011</localID>
        </Reading>
      </MirrorReadingSet>
      <MirrorReadingSet href="http://uri23">
        <mRID>80000009</mRID>
        <description>description23</description>
        <version>65519</version>
        <timePeriod>
          <duration>11</duration>
          <start>-23</start>
        </timePeriod>
        <Reading subscribable="223" href="http://uri67">
          <consumptionBlock>219</consumptionBlock>
          <qualityFlags>7FEF</qualityFlags>
          <timePeriod>
            <duration>4294967259</duration>
            <start>25</start>
          </timePeriod>
          <touTier>219</touTier>
          <value>-140737488355295</value>
          <localID>7FEF</localID>
        </Reading>
        <Reading subscribable="33" href="http://uri68">
          <consumptionBlock>37</consumptionBlock>
          <qualityFlags>0FA6</qualityFlags>
          <timePeriod>
            <duration>37</duration>
            <start>-9223372036854775783</start>
          </timePeriod>
          <touTier>37</touTier>
          <value>140737488355295</value>
          <localID>0FA6</localID>
        </Reading>
        <Reading subscribable="222" href="http://uri69">
          <consumptionBlock>218</consumptionBlock>
          <qualityFlags>0FC8</qualityFlags>
          <timePeriod>
            <duration>4294967258</duration>
            <start>9223372036854775783</start>
          </timePeriod>
          <touTier>218</touTier>
          <value>-140737488355294</value>
          <localID>0FC8</localID>
        </Reading>
      </MirrorReadingSet>
      <MirrorReadingSet href="http://uri24">
        <mRID>7FFFFFF7</mRID>
        <description>description24</description>
        <version>17</version>
        <timePeriod>
          <duration>4294967284</duration>
          <start>-24</start>
        </timePeriod>
        <Reading subscribable="34" href="http://uri70">
          <consumptionBlock>38</consumptionBlock>
          <qualityFlags>8012</qualityFlags>
          <timePeriod>
            <duration>38</duration>
            <start>26</start>
          </timePeriod>
          <touTier>38</touTier>
          <value>140737488355294</value>
          <localID>8012</localID>
        </Reading>
        <Reading subscribable="221" href="http://uri71">
          <consumptionBlock>217</consumptionBlock>
          <qualityFlags>7FEE</qualityFlags>
          <timePeriod>
            <duration>4294967257</duration>
            <start>-9223372036854775782</start>
          </timePeriod>
          <touTier>217</touTier>
          <value>-140737488355293</value>
          <localID>7FEE</localID>
        </Reading>
        <Reading subscribable="35" href="http://uri72">
          <consumptionBlock>39</consumptionBlock>
          <qualityFlags>0FA5</qualityFlags>
          <timePeriod>
            <duration>39</duration>
            <start>9223372036854775782</start>
          </timePeriod>
          <touTier>39</touTier>
          <value>140737488355293</value>
          <localID>0FA5</localID>
        </Reading>
      </MirrorReadingSet>
      <nextUpdateTime>-1</nextUpdateTime>
      <Reading subscribable="3" href="http://uri8">
        <consumptionBlock>216</consumptionBlock>
        <qualityFlags>0FB5</qualityFlags>
        <timePeriod>
          <duration>4294967256</duration>
          <start>-25</start>
        </timePeriod>
        <touTier>216</touTier>
        <value>140737488355325</value>
        <localID>0FB5</localID>
      </Reading>
      <ReadingType href="http://uri8">
        <accumulationBehaviour>252</accumulationBehaviour>
        <calorificValue>
          <multiplier>124</multiplier>
          <unit>7</unit>
          <value>-1</value>
        </calorificValue>
        <commodity>252</commodity>
        <conversionFactor>
          <multiplier>-3</multiplier>
          <unit>248</unit>
          <value>-1</value>
        </conversionFactor>
        <dataQualifier>252</dataQualifier>
        <flowDirection>252</flowDirection>
        <intervalLength>4294967292</intervalLength>
        <kind>252</kind>
        <maxNumberOfIntervals>252</maxNumberOfIntervals>
        <numberOfConsumptionBlocks>252</numberOfConsumptionBlocks>
        <numberOfTouTiers>252</numberOfTouTiers>
        <phase>252</phase>
        <powerOfTenMultiplier>-1</powerOfTenMultiplier>
        <subIntervalLength>4294967292</subIntervalLength>
        <supplyLimit>281474976710652</supplyLimit>
        <tieredConsumptionBlocks>false</tieredConsumptionBlocks>
        <uom>252</uom>
      </ReadingType>
    </MirrorMeterReading>
    <MirrorMeterReading href="http://uri9">
      <mRID>0FAE</mRID>
      <description>description9</description>
      <version>65518</version>
      <lastUpdateTime>3</lastUpdateTime>
      <MirrorReadingSet href="http://uri25">
        <mRID>0FC0</mRID>
        <description>description25</description>
        <version>18</version>
        <timePeriod>
          <duration>12</duration>
          <start>27</start>
        </timePeriod>
        <Reading subscribable="220" href="http://uri73">
          <consumptionBlock>40</consumptionBlock>
          <qualityFlags>0FC9</qualityFlags>
          <timePeriod>
            <duration>40</duration>
            <start>-9223372036854775781</start>
          </timePeriod>
          <touTier>40</touTier>
          <value>-140737488355292</value>
          <localID>0FC9</localID>
        </Reading>
        <Reading subscribable="36" href="http://uri74">
          <consumptionBlock>215</consumptionBlock>
          <qualityFlags>8013</qualityFlags>
          <timePeriod>
            <duration>4294967255</duration>
            <start>9223372036854775781</start>
          </timePeriod>
          <touTier>215</touTier>
          <value>140737488355292</value>
          <localID>8013</localID>
        </Reading>
        <Reading subscribable="219" href="http://uri75">
          <consumptionBlock>41</consumptionBlock>
          <qualityFlags>7FED</qualityFlags>
          <timePeriod>
            <duration>41</duration>
            <start>-26</start>
          </timePeriod>
          <touTier>41</touTier>
          <value>-140737488355291</value>
          <localID>7FED</localID>
        </Reading>
      </MirrorReadingSet>
      <MirrorReadingSet href="http://uri26">
        <mRID>8000000A</mRID>
        <description>description26</description>
        <version>65517</version>
        <timePeriod>
          <duration>4294967283</duration>
          <start>28</start>
        </timePeriod>
        <Reading subscribable="37" href="http://uri76">
          <consumptionBlock>214</consumptionBlock>
          <qualityFlags>0FA4</qualityFlags>
          <timePeriod>
            <duration>4294967254</duration>
            <start>-9223372036854775780</start>
          </timePeriod>
          <touTier>214</touTier>
          <value>140737488355291</value>
          <localID>0FA4</localID>
        </Reading>
        <Reading subscribable="218" href="http://uri77">
          <consumptionBlock>42</consumptionBlock>
          <qualityFlags>0FCA</qualityFlags>
          <timePeriod>
            <duration>42</duration>
            <start>9223372036854775780</start>
          </timePeriod>
          <touTier>42</touTier>
          <value>-140737488355290</value>
          <localID>0FCA</localID>
        </Reading>
        <Reading subscribable="38" href="http://uri78">
          <consumptionBlock>213</consumptionBlock>
          <qualityFlags>8014</qualityFlags>
          <timePeriod>
            <duration>4294967253</duration>
            <start>-27</start>
          </timePeriod>
          <touTier>213</touTier>
          <value>140737488355290</value>
          <localID>8014</localID>
        </Reading>
      </MirrorReadingSet>
      <MirrorReadingSet href="http://uri27">
        <mRID>7FFFFFF6</mRID>
        <description>description27</description>
        <version>19</version>
        <timePeriod>
          <duration>13</duration>
          <start>29</start>
        </timePeriod>
        <Reading subscribable="217" href="http://uri79">
          <consumptionBlock>43</consumptionBlock>
          <qualityFlags>7FEC</qualityFlags>
          <timePeriod>
            <duration>43</duration>
            <start>-9223372036854775779</start>
          </timePeriod>
          <touTier>43</touTier>
          <value>-140737488355289</value>
          <localID>7FEC</localID>
        </Reading>
        <Reading subscribable="39" href="http://uri80">
          <consumptionBlock>212</consumptionBlock>
          <qualityFlags>0FA3</qualityFlags>
          <timePeriod>
            <duration>4294967252</duration>
            <start>9223372036854775779</start>
          </timePeriod>
          <touTier>212</touTier>
          <value>140737488355289</value>
          <localID>0FA3</localID>
        </Reading>
        <Reading subscribable="216" href="http://uri81">
          <consumptionBlock>44</consumptionBlock>
          <qualityFlags>0FCB</qualityFlags>
          <timePeriod>
            <duration>44</duration>
            <start>-28</start>
          </timePeriod>
          <touTier>44</touTier>
          <value>-140737488355288</value>
          <localID>0FCB</localID>
        </Reading>
      </MirrorReadingSet>
      <nextUpdateTime>3</nextUpdateTime>
      <Reading subscribable="252" href="http://uri9">
        <consumptionBlock>211</consumptionBlock>
        <qualityFlags>0FB9</qualityFlags>
        <timePeriod>
          <duration>4294967251</duration>
          <start>30</start>
        </timePeriod>
        <touTier>211</touTier>
        <value>-140737488355324</value>
        <localID>0FB9</localID>
      </Reading>
      <ReadingType href="http://uri9">
        <accumulationBehaviour>4</accumulationBehaviour>
        <calorificValue>
          <multiplier>5</multiplier>
          <unit>8</unit>
          <value>3</value>
        </calorificValue>
        <commodity>4</commodity>
        <conversionFactor>
          <multiplier>-124</multiplier>
          <unit>247</unit>
          <value>3</value>
        </conversionFactor>
        <dataQualifier>4</dataQualifier>
        <flowDirection>4</flowDirection>
        <intervalLength>4</intervalLength>
        <kind>4</kind>
        <maxNumberOfIntervals>4</maxNumberOfIntervals>
        <numberOfConsumptionBlocks>4</numberOfConsumptionBlocks>
        <numberOfTouTiers>4</numberOfTouTiers>
        <phase>4</phase>
        <powerOfTenMultiplier>3</powerOfTenMultiplier>
        <subIntervalLength>4</subIntervalLength>
        <supplyLimit>4</supplyLimit>
        <tieredConsumptionBlocks>true</tieredConsumptionBlocks>
        <uom>4</uom>
      </ReadingType>
    </MirrorMeterReading>
    <postRate>1</postRate>
  </MirrorUsagePoint>
</MirrorUsagePointList>