<?xml version="1.0" encoding="utf-8"?>
<MirrorUsagePoint href="http://uri1" xmlns="urn:ieee:std:2030.5:ns">
  <mRID>0FB7</mRID>
  <description>description1</description>
  <version>0</version>
  <roleFlags>0FB7</roleFlags>
  <serviceCategoryKind>0</serviceCategoryKind>
  <status>0</status>
  <deviceLFDI>0FB7</deviceLFDI>
  <MirrorMeterReading href="http://uri1">
    <mRID>80000001</mRID>
    <description>description1</description>
    <version>65535</version>
    <lastUpdateTime>1</lastUpdateTime>
    <MirrorReadingSet href="http://uri1">
      <mRID>7FFFFFFF</mRID>
      <description>description1</description>
      <version>1</version>
      <timePeriod>
        <duration>0</duration>
        <start>1</start>
      </timePeriod>
      <Reading subscribable="0" href="http://uri1">
        <consumptionBlock>0</consumptionBlock>
        <qualityFlags>0FB7</qualityFlags>
        <timePeriod>
          <duration>0</duration>
          <start>-9223372036854775807</start>
        </timePeriod>
        <touTier>0</touTier>
        <value>-140737488355328</value>
        <localID>0FB7</localID>
      </Reading>
      <Reading subscribable="0" href="http://uri2">
        <consumptionBlock>255</consumptionBlock>
        <qualityFlags>8001</qualityFlags>
        <timePeriod>
          <duration>4294967295</duration>
          <start>9223372036854775807</start>
        </timePeriod>
        <touTier>255</touTier>
        <value>140737488355328</value>
        <localID>8001</localID>
      </Reading>
      <Reading subscribable="255" href="http://uri3">
        <consumptionBlock>1</consumptionBlock>
        <qualityFlags>7FFF</qualityFlags>
        <timePeriod>
          <duration>1</duration>
          <start>0</start>
        </timePeriod>
        <touTier>1</touTier>
        <value>-140737488355327</value>
        <localID>7FFF</localID>
      </Reading>
    </MirrorReadingSet>
    <MirrorReadingSet href="http://uri2">
      <mRID>0FB6</mRID>
      <description>description2</description>
      <version>65534</version>
      <timePeriod>
        <duration>4294967295</duration>
        <start>2</start>
      </timePeriod>
      <Reading subscribable="1" href="http://uri4">
        <consumptionBlock>254</consumptionBlock>
        <qualityFlags>0FB6</qualityFlags>
        <timePeriod>
          <duration>4294967294</duration>
          <start>-9223372036854775806</start>
        </timePeriod>
        <touTier>254</touTier>
        <value>140737488355327</value>
        <localID>0FB6</localID>
      </Reading>
      <Reading subscribable="254" href="http://uri5">
        <consumptionBlock>2</consumptionBlock>
        <qualityFlags>0FB8</qualityFlags>
        <timePeriod>
          <duration>2</duration>
          <start>9223372036854775806</start>
        </timePeriod>
        <touTier>2</touTier>
        <value>-140737488355326</value>
        <localID>0FB8</localID>
      </Reading>
      <Reading subscribable="2" href="http://uri6">
        <consumptionBlock>253</consumptionBlock>
        <qualityFlags>8002</qualityFlags>
        <timePeriod>
          <duration>4294967293</duration>
          <start>-1</start>
        </timePeriod>
        <touTier>253</touTier>
        <value>140737488355326</value>
        <localID>8002</localID>
      </Reading>
    </MirrorReadingSet>
    <MirrorReadingSet href="http://uri3">
      <mRID>0FB8</mRID>
      <description>description3</description>
      <version>2</version>
      <timePeriod>
        <duration>1</duration>
        <start>3</start>
      </timePeriod>
      <Reading subscribable="253" href="http://uri7">
        <consumptionBlock>3</consumptionBlock>
        <qualityFlags>7FFE</qualityFlags>
        <timePeriod>
          <duration>3</duration>
          <start>-9223372036854775805</start>
        </timePeriod>
        <touTier>3</touTier>
        <value>-140737488355325</value>
        <localID>7FFE</localID>
      </Reading>
      <Reading subscribable="3" href="http://uri8">
        <consumptionBlock>252</consumptionBlock>
        <qualityFlags>0FB5</qualityFlags>
        <timePeriod>
          <duration>4294967292</duration>
          <start>9223372036854775805</start>
        </timePeriod>
        <touTier>252</touTier>
        <value>140737488355325</value>
        <localID>0FB5</localID>
      </Reading>
      <Reading subscribable="252" href="http://uri9">
        <consumptionBlock>4</consumptionBlock>
        <qualityFlags>0FB9</qualityFlags>
        <timePeriod>
          <duration>4</duration>
          <start>-2</start>
        </timePeriod>
        <touTier>4</touTier>
        <value>-140737488355324</value>
        <localID>0FB9</localID>
      </Reading>
    </MirrorReadingSet>
    <nextUpdateTime>1</nextUpdateTime>
    <Reading subscribable="0" href="http://uri1">
      <consumptionBlock>251</consumptionBlock>
      <qualityFlags>0FB7</qualityFlags>
      <timePeriod>
        <duration>4294967291</duration>
        <start>4</start>
      </timePeriod>
      <touTier>251</touTier>
      <value>-140737488355328</value>
      <localID>0FB7</localID>
    </Reading>
    <ReadingType href="http://uri1">
      <accumulationBehaviour>0</accumulationBehaviour>
      <calorificValue>
        <multiplier>1</multiplier>
        <unit>0</unit>
        <value>1</value>
      </calorificValue>
      <commodity>0</commodity>
      <conversionFactor>
        <multiplier>-128</multiplier>
        <unit>255</unit>
        <value>1</value>
      </conversionFactor>
      <dataQualifier>0</dataQualifier>
      <flowDirection>0</flowDirection>
      <intervalLength>0</intervalLength>
      <kind>0</kind>
      <maxNumberOfIntervals>0</maxNumberOfIntervals>
      <numberOfConsumptionBlocks>0</numberOfConsumptionBlocks>
      <numberOfTouTiers>0</numberOfTouTiers>
      <phase>0</phase>
      <powerOfTenMultiplier>1</powerOfTenMultiplier>
      <subIntervalLength>0</subIntervalLength>
      <supplyLimit>0</supplyLimit>
      <tieredConsumptionBlocks>true</tieredConsumptionBlocks>
      <uom>0</uom>
    </ReadingType>
  </MirrorMeterReading>
  <MirrorMeterReading href="http://uri2">
    <mRID>80000002</mRID>
    <description>description2</description>
    <version>65533</version>
    <lastUpdateTime>-9223372036854775807</lastUpdateTime>
    <MirrorReadingSet href="http://uri4">
      <mRID>7FFFFFFE</mRID>
      <description>description4</description>
      <version>3</version>
      <timePeriod>
        <duration>4294967294</duration>
        <start>-9223372036854775804</start>
      </timePeriod>
      <Reading subscribable="4" href="http://uri10">
        <consumptionBlock>5</consumptionBlock>
        <qualityFlags>8003</qualityFlags>
        <timePeriod>
          <duration>5</duration>
          <start>9223372036854775804</start>
        </timePeriod>
        <touTier>5</touTier>
        <value>140737488355324</value>
        <localID>8003</localID>
      </Reading>
      <Reading subscribable="251" href="http://uri11">
        <consumptionBlock>250</consumptionBlock>
        <qualityFlags>7FFD</qualityFlags>
        <timePeriod>
          <duration>4294967290</duration>
          <start>-3</start>
        </timePeriod>
        <touTier>250</touTier>
        <value>-140737488355323</value>
        <localID>7FFD</localID>
      </Reading>
      <Reading subscribable="5" href="http://uri12">
        <consumptionBlock>6</consumptionBlock>
        <qualityFlags>0FB4</qualityFlags>
        <timePeriod>
          <duration>6</duration>
          <start>5</start>
        </timePeriod>
        <touTier>6</touTier>
        <value>140737488355323</value>
        <localID>0FB4</localID>
      </Reading>
    </MirrorReadingSet>
    <MirrorReadingSet href="http://uri5">
      <mRID>0FB5</mRID>
      <description>description5</description>
      <version>65532</version>
      <timePeriod>
        <duration>2</duration>
        <start>-9223372036854775803</start>
      </timePeriod>
      <Reading subscribable="250" href="http://uri13">
        <consumptionBlock>249</consumptionBlock>
        <qualityFlags>0FBA</qualityFlags>
        <timePeriod>
          <duration>4294967289</duration>
          <start>9223372036854775803</start>
        </timePeriod>
        <touTier>249</touTier>
        <value>-140737488355322</value>
        <localID>0FBA</localID>
      </Reading>
      <Reading subscribable="6" href="http://uri14">
        <consumptionBlock>7</consumptionBlock>
        <qualityFlags>8004</qualityFlags>
        <timePeriod>
          <duration>7</duration>
          <start>-4</start>
        </timePeriod>
        <touTier>7</touTier>
        <value>140737488355322</value>
        <localID>8004</localID>
      </Reading>
      <Reading subscribable="249" href="http://uri15">
        <consumptionBlock>248</consumptionBlock>
        <qualityFlags>7FFC</qualityFlags>
        <timePeriod>
          <duration>4294967288</duration>
          <start>6</start>
        </timePeriod>
        <touTier>248</touTier>
        <value>-140737488355321</value>
        <localID>7FFC</localID>
      </Reading>
    </MirrorReadingSet>
    <MirrorReadingSet href="http://uri6">
      <mRID>0FB9</mRID>
      <description>description6</description>
      <version>4</version>
      <timePeriod>
        <duration>4294967293</duration>
        <start>-9223372036854775802</start>
      </timePeriod>
      <Reading subscribable="7" href="http://uri16">
        <consumptionBlock>8</consumptionBlock>
        <qualityFlags>0FB3</qualityFlags>
        <timePeriod>
          <duration>8</duration>
          <start>9223372036854775802</start>
        </timePeriod>
        <touTier>8</touTier>
        <value>140737488355321</value>
        <localID>0FB3</localID>
      </Reading>
      <Reading subscribable="248" href="http://uri17">
        <consumptionBlock>247</consumptionBlock>
        <qualityFlags>0FBB</qualityFlags>
        <timePeriod>
          <duration>4294967287</duration>
          <start>-5</start>
        </timePeriod>
        <touTier>247</touTier>
        <value>-140737488355320</value>
        <localID>0FBB</localID>
      </Reading>
      <Reading subscribable="8" href="http://uri18">
        <consumptionBlock>9</consumptionBlock>
        <qualityFlags>8005</qualityFlags>
        <timePeriod>
          <duration>9</duration>
          <start>7</start>
        </timePeriod>
        <touTier>9</touTier>
        <value>140737488355320</value>
        <localID>8005</localID>
      </Reading>
    </MirrorReadingSet>
    <nextUpdateTime>-9223372036854775807</nextUpdateTime>
    <Reading subscribable="0" href="http://uri2">
      <consumptionBlock>246</consumptionBlock>
      <qualityFlags>8001</qualityFlags>
      <timePeriod>
        <duration>4294967286</duration>
        <start>-9223372036854775801</start>
      </timePeriod>
      <touTier>246</touTier>
      <value>140737488355328</value>
      <localID>8001</localID>
    </Reading>
    <ReadingType href="http://uri2">
      <accumulationBehaviour>255</accumulationBehaviour>
      <calorificValue>
        <multiplier>127</multiplier>
        <unit>1</unit>
        <value>-2147483647</value>
      </calorificValue>
      <commodity>255</commodity>
      <conversionFactor>
        <multiplier>0</multiplier>
        <unit>254</unit>
        <value>-2147483647</value>
      </conversionFactor>
      <dataQualifier>255</dataQualifier>
      <flowDirection>255</flowDirection>
      <intervalLength>4294967295</intervalLength>
      <kind>255</kind>
      <maxNumberOfIntervals>255</maxNumberOfIntervals>
      <numberOfConsumptionBlocks>255</numberOfConsumptionBlocks>
      <numberOfTouTiers>255</numberOfTouTiers>
      <phase>255</phase>
      <powerOfTenMultiplier>-128</powerOfTenMultiplier>
      <subIntervalLength>4294967295</subIntervalLength>
      <supplyLimit>281474976710655</supplyLimit>
      <tieredConsumptionBlocks>false</tieredConsumptionBlocks>
      <uom>255</uom>
    </ReadingType>
  </MirrorMeterReading>
  <MirrorMeterReading href="http://uri3">
    <mRID>80000003</mRID>
    <description>description3</description>
    <version>65531</version>
    <lastUpdateTime>9223372036854775807</lastUpdateTime>
    <MirrorReadingSet href="http://uri7">
      <mRID>7FFFFFFD</mRID>
      <description>description7</description>
      <version>5</version>
      <timePeriod>
        <duration>3</duration>
        <start>9223372036854775801</start>
      </timePeriod>
      <Reading subscribable="247" href="http://uri19">
        <consumptionBlock>10</consumptionBlock>
        <qualityFlags>7FFB</qualityFlags>
        <timePeriod>
          <duration>10</duration>
          <start>-6</start>
        </timePeriod>
        <touTier>10</touTier>
        <value>-140737488355319</value>
        <localID>7FFB</localID>
      </Reading>
      <Reading subscribable="9" href="http://uri20">
        <consumptionBlock>245</consumptionBlock>
        <qualityFlags>0FB2</qualityFlags>
        <timePeriod>
          <duration>4294967285</duration>
          <start>8</start>
        </timePeriod>
        <touTier>245</touTier>
        <value>140737488355319</value>
        <localID>0FB2</localID>
      </Reading>
      <Reading subscribable="246" href="http://uri21">
        <consumptionBlock>11</consumptionBlock>
        <qualityFlags>0FBC</qualityFlags>
        <timePeriod>
          <duration>11</duration>
          <start>-9223372036854775800</start>
        </timePeriod>
        <touTier>11</touTier>
        <value>-140737488355318</value>
        <localID>0FBC</localID>
      </Reading>
    </MirrorReadingSet>
    <MirrorReadingSet href="http://uri8">
      <mRID>0FB4</mRID>
      <description>description8</description>
      <version>65530</version>
      <timePeriod>
        <duration>4294967292</duration>
        <start>9223372036854775800</start>
      </timePeriod>
      <Reading subscribable="10" href="http://uri22">
        <consumptionBlock>244</consumptionBlock>
        <qualityFlags>8006</qualityFlags>
        <timePeriod>
          <duration>4294967284</duration>
          <start>-7</start>
        </timePeriod>
        <touTier>244</touTier>
        <value>140737488355318</value>
        <localID>8006</localID>
      </Reading>
      <Reading subscribable="245" href="http://uri23">
        <consumptionBlock>12</consumptionBlock>
        <qualityFlags>7FFA</qualityFlags>
        <timePeriod>
          <duration>12</duration>
          <start>9</start>
        </timePeriod>
        <touTier>12</touTier>
        <value>-140737488355317</value>
        <localID>7FFA</localID>
      </Reading>
      <Reading subscribable="11" href="http://uri24">
        <consumptionBlock>243</consumptionBlock>
        <qualityFlags>0FB1</qualityFlags>
        <timePeriod>
          <duration>4294967283</duration>
          <start>-9223372036854775799</start>
        </timePeriod>
        <touTier>243</touTier>
        <value>140737488355317</value>
        <localID>0FB1</localID>
      </Reading>
    </MirrorReadingSet>
    <MirrorReadingSet href="http://uri9">
      <mRID>0FBA</mRID>
      <description>description9</description>
      <version>6</version>
      <timePeriod>
        <duration>4</duration>
        <start>9223372036854775799</start>
      </timePeriod>
      <Reading subscribable="244" href="http://uri25">
        <consumptionBlock>13</consumptionBlock>
        <qualityFlags>0FBD</qualityFlags>
        <timePeriod>
          <duration>13</duration>
          <start>-8</start>
        </timePeriod>
        <touTier>13</touTier>
        <value>-140737488355316</value>
        <localID>0FBD</localID>
      </Reading>
      <Reading subscribable="12" href="http://uri26">
        <consumptionBlock>242</consumptionBlock>
        <qualityFlags>8007</qualityFlags>
        <timePeriod>
          <duration>4294967282</duration>
          <start>10</start>
        </timePeriod>
        <touTier>242</touTier>
        <value>140737488355316</value>
        <localID>8007</localID>
      </Reading>
      <Reading subscribable="243" href="http://uri27">
        <consumptionBlock>14</consumptionBlock>
        <qualityFlags>7FF9</qualityFlags>
        <timePeriod>
          <duration>14</duration>
          <start>-9223372036854775798</start>
        </timePeriod>
        <touTier>14</touTier>
        <value>-140737488355315</value>
        <localID>7FF9</localID>
      </Reading>
    </MirrorReadingSet>
    <nextUpdateTime>9223372036854775807</nextUpdateTime>
    <Reading subscribable="255" href="http://uri3">
      <consumptionBlock>241</consumptionBlock>
      <qualityFlags>7FFF</qualityFlags>
      <timePeriod>
        <duration>4294967281</duration>
        <start>9223372036854775798</start>
      </timePeriod>
      <touTier>241</touTier>
      <value>-140737488355327</value>
      <localID>7FFF</localID>
    </Reading>
    <ReadingType href="http://uri3">
      <accumulationBehaviour>1</accumulationBehaviour>
      <calorificValue>
        <multiplier>2</multiplier>
        <unit>2</unit>
        <value>2147483647</value>
      </calorificValue>
      <commodity>1</commodity>
      <conversionFactor>
        <multiplier>-127</multiplier>
        <unit>253</unit>
        <value>2147483647</value>
      </conversionFactor>
      <dataQualifier>1</dataQualifier>
      <flowDirection>1</flowDirection>
      <intervalLength>1</intervalLength>
      <kind>1</kind>
      <maxNumberOfIntervals>1</maxNumberOfIntervals>
      <numberOfConsumptionBlocks>1</numberOfConsumptionBlocks>
      <numberOfTouTiers>1</numberOfTouTiers>
      <phase>1</phase>
      <powerOfTenMultiplier>127</powerOfTenMultiplier>
      <subIntervalLength>1</subIntervalLength>
      <supplyLimit>1</supplyLimit>
      <tieredConsumptionBlocks>true</tieredConsumptionBlocks>
      <uom>1</uom>
    </ReadingType>
  </MirrorMeterReading>
  <postRate>0</postRate>
</MirrorUsagePoint>