<?xml version="1.0" encoding="utf-8"?>
<PowerStatus pollRate="900" href="http://uri1" xmlns="urn:ieee:std:2030.5:ns">
  <batteryStatus>0</batteryStatus>
  <changedTime>1</changedTime>
  <currentPowerSource>0</currentPowerSource>
  <estimatedChargeRemaining>0</estimatedChargeRemaining>
  <estimatedTimeRemaining>0</estimatedTimeRemaining>
  <PEVInfo>
    <chargingPowerNow>
      <multiplier>1</multiplier>
      <value>1</value>
    </chargingPowerNow>
    <energyRequestNow>
      <multiplier>1</multiplier>
      <value>0</value>
    </energyRequestNow>
    <maxForwardPower>
      <multiplier>-128</multiplier>
      <value>1</value>
    </maxForwardPower>
    <minimumChargingDuration>0</minimumChargingDuration>
    <targetStateOfCharge>0</targetStateOfCharge>
    <timeChargeIsNeeded>1</timeChargeIsNeeded>
    <timeChargingStatusPEV>1</timeChargingStatusPEV>
  </PEVInfo>
  <sessionTimeOnBattery>0</sessionTimeOnBattery>
  <totalTimeOnBattery>0</totalTimeOnBattery>
</PowerStatus>