<?xml version="1.0" encoding="utf-8"?>
<RateComponentList all="0" results="0" href="http://uri1" xmlns="urn:ieee:std:2030.5:ns">
  <RateComponent href="http://uri1">
    <mRID>0FB7</mRID>
    <description>description1</description>
    <version>0</version>
    <ActiveTimeTariffIntervalListLink all="0" href="http://uri1" />
    <flowRateEndLimit>
      <multiplier>1</multiplier>
      <unit>0</unit>
      <value>1</value>
    </flowRateEndLimit>
    <flowRateStartLimit>
      <multiplier>-128</multiplier>
      <unit>255</unit>
      <value>1</value>
    </flowRateStartLimit>
    <ReadingTypeLink href="http://uri1" />
    <roleFlags>0FB7</roleFlags>
    <TimeTariffIntervalListLink all="0" href="http://uri1" />
  </RateComponent>
  <RateComponent href="http://uri2">
    <mRID>80000001</mRID>
    <description>description2</description>
    <version>65535</version>
    <ActiveTimeTariffIntervalListLink all="4294967295" href="http://uri2" />
    <flowRateEndLimit>
      <multiplier>127</multiplier>
      <unit>1</unit>
      <value>-2147483647</value>
    </flowRateEndLimit>
    <flowRateStartLimit>
      <multiplier>0</multiplier>
      <unit>254</unit>
      <value>-2147483647</value>
    </flowRateStartLimit>
    <ReadingTypeLink href="http://uri2" />
    <roleFlags>8001</roleFlags>
    <TimeTariffIntervalListLink all="4294967295" href="http://uri2" />
  </RateComponent>
  <RateComponent href="http://uri3">
    <mRID>7FFFFFFF</mRID>
    <description>description3</description>
    <version>1</version>
    <ActiveTimeTariffIntervalListLink all="1" href="http://uri3" />
    <flowRateEndLimit>
      <multiplier>2</multiplier>
      <unit>2</unit>
      <value>2147483647</value>
    </flowRateEndLimit>
    <flowRateStartLimit>
      <multiplier>-127</multiplier>
      <unit>253</unit>
      <value>2147483647</value>
    </flowRateStartLimit>
    <ReadingTypeLink href="http://uri3" />
    <roleFlags>7FFF</roleFlags>
    <TimeTariffIntervalListLink all="1" href="http://uri3" />
  </RateComponent>
</RateComponentList>