<?xml version="1.0" encoding="utf-8"?>
<ResponseList all="0" results="0" href="http://uri1" xmlns="urn:ieee:std:2030.5:ns">
  <Response href="http://uri1">
    <createdDateTime>1</createdDateTime>
    <endDeviceLFDI>0FB7</endDeviceLFDI>
    <status>0</status>
    <subject>0FB7</subject>
  </Response>
  <Response href="http://uri2">
    <createdDateTime>-9223372036854775807</createdDateTime>
    <endDeviceLFDI>80000001</endDeviceLFDI>
    <status>255</status>
    <subject>80000001</subject>
  </Response>
  <Response href="http://uri3">
    <createdDateTime>9223372036854775807</createdDateTime>
    <endDeviceLFDI>7FFFFFFF</endDeviceLFDI>
    <status>1</status>
    <subject>7FFFFFFF</subject>
  </Response>
</ResponseList>