<?xml version="1.0" encoding="utf-8"?>
<SupplyInterruptionOverrideList all="0" results="0" href="http://uri1" xmlns="urn:ieee:std:2030.5:ns">
  <SupplyInterruptionOverride href="http://uri1">
    <description>description1</description>
    <interval>
      <duration>0</duration>
      <start>1</start>
    </interval>
  </SupplyInterruptionOverride>
  <SupplyInterruptionOverride href="http://uri2">
    <description>description2</description>
    <interval>
      <duration>4294967295</duration>
      <start>-9223372036854775807</start>
    </interval>
  </SupplyInterruptionOverride>
  <SupplyInterruptionOverride href="http://uri3">
    <description>description3</description>
    <interval>
      <duration>1</duration>
      <start>9223372036854775807</start>
    </interval>
  </SupplyInterruptionOverride>
</SupplyInterruptionOverrideList>