<?xml version="1.0" encoding="utf-8"?>
<TariffProfileList pollRate="900" all="0" results="0" subscribable="0" href="http://uri1" xmlns="urn:ieee:std:2030.5:ns">
  <TariffProfile href="http://uri1">
    <mRID>0FB7</mRID>
    <description>description1</description>
    <version>0</version>
    <currency>0</currency>
    <pricePowerOfTenMultiplier>1</pricePowerOfTenMultiplier>
    <primacy>0</primacy>
    <rateCode>rateCode1</rateCode>
    <RateComponentListLink all="0" href="http://uri1" />
    <serviceCategoryKind>0</serviceCategoryKind>
  </TariffProfile>
  <TariffProfile href="http://uri2">
    <mRID>80000001</mRID>
    <description>description2</description>
    <version>65535</version>
    <currency>65535</currency>
    <pricePowerOfTenMultiplier>-128</pricePowerOfTenMultiplier>
    <primacy>255</primacy>
    <rateCode>rateCode2</rateCode>
    <RateComponentListLink all="4294967295" href="http://uri2" />
    <serviceCategoryKind>255</serviceCategoryKind>
  </TariffProfile>
  <TariffProfile href="http://uri3">
    <mRID>7FFFFFFF</mRID>
    <description>description3</description>
    <version>1</version>
    <currency>1</currency>
    <pricePowerOfTenMultiplier>127</pricePowerOfTenMultiplier>
    <primacy>1</primacy>
    <rateCode>rateCode3</rateCode>
    <RateComponentListLink all="1" href="http://uri3" />
    <serviceCategoryKind>1</serviceCategoryKind>
  </TariffProfile>
</TariffProfileList>