<?xml version="1.0" encoding="utf-8"?>
<TextMessageList all="0" results="0" subscribable="0" href="http://uri1" xmlns="urn:ieee:std:2030.5:ns">
  <TextMessage subscribable="0" replyTo="http://uri1" responseRequired="00" href="http://uri1">
    <mRID>0FB7</mRID>
    <description>description1</description>
    <version>0</version>
    <creationTime>1</creationTime>
    <EventStatus>
      <currentStatus>0</currentStatus>
      <dateTime>1</dateTime>
      <potentiallySuperseded>true</potentiallySuperseded>
      <potentiallySupersededTime>1</potentiallySupersededTime>
      <reason>reason1</reason>
    </EventStatus>
    <interval>
      <duration>0</duration>
      <start>1</start>
    </interval>
    <originator>originator1</originator>
    <priority>0</priority>
    <textMessage>textMessage1</textMessage>
  </TextMessage>
  <TextMessage subscribable="0" replyTo="http://uri2" responseRequired="07" href="http://uri2">
    <mRID>80000001</mRID>
    <description>description2</description>
    <version>65535</version>
    <creationTime>-9223372036854775807</creationTime>
    <EventStatus>
      <currentStatus>255</currentStatus>
      <dateTime>-9223372036854775807</dateTime>
      <potentiallySuperseded>false</potentiallySuperseded>
      <potentiallySupersededTime>-9223372036854775807</potentiallySupersededTime>
      <reason>reason2</reason>
    </EventStatus>
    <interval>
      <duration>4294967295</duration>
      <start>-9223372036854775807</start>
    </interval>
    <originator>originator2</originator>
    <priority>255</priority>
    <textMessage>textMessage2</textMessage>
  </TextMessage>
  <TextMessage subscribable="255" replyTo="http://uri3" responseRequired="81" href="http://uri3">
    <mRID>7FFFFFFF</mRID>
    <description>description3</description>
    <version>1</version>
    <creationTime>9223372036854775807</creationTime>
    <EventStatus>
      <currentStatus>1</currentStatus>
      <dateTime>9223372036854775807</dateTime>
      <potentiallySuperseded>true</potentiallySuperseded>
      <potentiallySupersededTime>9223372036854775807</potentiallySupersededTime>
      <reason>reason3</reason>
    </EventStatus>
    <interval>
      <duration>1</duration>
      <start>9223372036854775807</start>
    </interval>
    <originator>originator3</originator>
    <priority>1</priority>
    <textMessage>textMessage3</textMessage>
  </TextMessage>
</TextMessageList>